Date,Open,High,Low,Close,Volume,Dividends,Stock Splits
2017-02-08,4.671389252159601,4.696171134498114,4.652802988117388,4.683780193328857,518400,0.07,0
2017-02-09,4.683781403116965,4.708563291856467,4.671390458747215,4.677586078643799,242300,0.0,0
2017-02-10,4.6961721629396616,4.727149670358413,4.677585894827135,4.702367782592773,251500,0.0,0
2017-02-13,4.720954819553941,4.733345765454734,4.714759494315271,4.7271504402160645,246200,0.0,0
2017-02-14,4.733343750992536,4.745734691619873,4.708561869737863,4.745734691619873,250000,0.0,0
2017-02-15,4.745735316590984,4.776712819950451,4.733344374331871,4.758126258850098,469100,0.0,0
2017-02-16,4.75812666151823,4.776713224191517,4.745735718210502,4.764322280883789,303200,0.0,0
2017-02-17,4.764322133414916,4.764322133414916,4.702367418793948,4.751931190490723,248800,0.0,0
2017-02-21,4.764322172807954,4.7829084396362305,4.751931229781308,4.7829084396362305,332400,0.0,0
2017-02-22,4.770517422868407,4.795299308538629,4.745735537198185,4.789103984832764,255700,0.0,0
2017-02-23,4.8014956976339365,4.820082262578827,4.789104752811818,4.813886642456055,256800,0.0,0
2017-02-24,4.801495001887893,4.801495001887893,4.764322172807954,4.7829084396362305,222500,0.0,0
2017-02-27,4.795300077511163,4.838668532100291,4.7705181878669265,4.813886642456055,311400,0.0,0
2017-02-28,4.820081637761382,4.832472580977288,4.795299455906183,4.80149507522583,257800,0.0,0
2017-03-01,4.83866797820929,4.844863597622839,4.782908585180921,4.82008171081543,462700,0.0,0
2017-03-02,4.820081637761382,4.844863524193193,4.80149507522583,4.80149507522583,512800,0.0,0
2017-03-03,4.813887528908283,4.826278476012129,4.782910013436926,4.7953009605407715,257200,0.0,0
2017-03-06,4.789103910920668,4.80769047259817,4.7643220256329135,4.770517349243164,358400,0.0,0
2017-03-07,4.782910013436926,4.813887528908283,4.770519066333079,4.7953009605407715,336500,0.0,0
2017-03-08,4.795300288782765,4.8140561853602355,4.776544094085693,4.776544094085693,411200,0.07,0
2017-03-09,4.77654400693735,4.80155206733077,4.70777198991524,4.745284080505371,502400,0.0,0
2017-03-10,4.770292140898793,4.77654400693735,4.7202760201119505,4.745284080505371,231800,0.0,0
2017-03-13,4.745283675338695,4.776543599101607,4.720275617080538,4.757787704467773,185800,0.0,0
2017-03-14,4.757788110702082,4.77654400693735,4.726527886150508,4.745284080505371,258200,0.0,0
2017-03-15,4.770292018041991,4.814055973543559,4.76403985404486,4.807804107666016,249700,0.0,0
2017-03-16,4.801553032106761,4.839065130234198,4.795301164812016,4.832813262939453,344000,0.0,0
2017-03-17,4.845317295648599,4.845317295648599,4.8140570648159065,4.832813262939453,178400,0.0,0
2017-03-20,4.832811634614058,4.839063499802354,4.801551414313912,4.814055442810059,187900,0.0,0
2017-03-21,4.826560357267578,4.845316552514456,4.789048264893432,4.8015522956848145,374700,0.0,0
2017-03-22,4.8015498350830335,4.814053859466604,4.770289923183835,4.789045810699463,194500,0.0,0
2017-03-23,4.782795520629468,4.826559471306206,4.776543357321617,4.814055442810059,158200,0.0,0
2017-03-24,4.795299147211892,4.839063094220594,4.789046984428061,4.826559066772461,144600,0.0,0
2017-03-27,4.8140570648159065,4.845317295648599,4.78279713210287,4.832813262939453,267600,0.0,0
2017-03-28,4.839064859417752,4.882829120510339,4.807804928454165,4.870325088500977,277200,0.0,0
2017-03-29,4.851568449467876,4.88282837566294,4.807804195051274,4.839064121246338,386200,0.0,0
2017-03-30,4.845317024482252,4.9015853175842015,4.839064859417752,4.870325088500977,400900,0.0,0
2017-03-31,4.864071918149157,4.895331840736139,4.864071918149157,4.876575946807861,159200,0.0,0
2017-04-03,4.882828836580792,4.895332867863063,4.8640729387171975,4.889081001281738,211200,0.0,0
2017-04-04,4.882827553319431,4.926591800365458,4.870323525323358,4.914087772369385,416200,0.0,0
2017-04-05,4.9203412074407975,4.957853303399525,4.907837175454556,4.9390974044799805,294600,0.0,0
2017-04-06,4.951599597930908,4.97660765261787,4.939095570587427,4.951599597930908,328100,0.0,0
2017-04-07,4.9642157554626465,4.9642157554626465,4.938984695267453,4.9642157554626465,177500,0.07,0
2017-04-10,4.964215269398481,5.01467738484794,4.964215269398481,4.995754241943359,228000,0.0,0
2017-04-11,4.995754567771099,5.002062182224703,4.957907978715615,4.9831390380859375,195500,0.0,0
2017-04-12,4.983139325759176,5.020985916999518,4.951600349336572,5.014678001403809,362700,0.0,0
2017-04-13,5.002062169668141,5.020985614537357,4.983139025576878,4.989446640014648,274000,0.0,0
2017-04-17,5.008369111174621,5.033600165576275,4.995753583973793,5.027292251586914,237100,0.0,0
2017-04-18,5.020985118406934,5.071447232034674,5.002061675407569,5.052524089813232,389600,0.0,0
2017-04-19,5.046215864126061,5.046215864126061,4.995753753609264,5.002061367034912,356500,0.0,0
2017-04-20,5.027291618565641,5.052522970568134,5.014676092953323,5.046215057373047,267000,0.0,0
2017-04-21,5.05252489342212,5.0714480386533065,5.00837038658607,5.014678001403809,208900,0.0,0
2017-04-24,5.058833054834064,5.128218325090573,5.0462172230296245,5.115602493286133,513300,0.0,0
2017-04-25,5.121910380234752,5.191295650099033,5.096679318324471,5.178680419921875,410200,0.0,0
2017-04-26,5.166063465381905,5.229141407226052,5.166063465381905,5.2039103507995605,361400,0.0,0
2017-04-27,5.210217454276883,5.229140593262232,5.1976016272494885,5.222832679748535,236500,0.0,0
2017-04-28,5.222835560864467,5.2480666272819345,5.172373428029531,5.191296577453613,258300,0.0,0
2017-05-01,5.222833981898083,5.311142988439693,5.147140805529229,5.172371864318848,674400,0.0,0
2017-05-02,5.197602302075515,5.203910216408194,5.1345249634161805,5.153448104858398,508400,0.0,0
2017-05-03,5.166063331967937,5.178679160633297,5.14083227619304,5.153448104858398,449400,0.0,0
2017-05-04,5.1534501936565915,5.16606542587934,5.09668014476406,5.128219127655029,612700,0.0,0
2017-05-05,5.1156016695725635,5.178679615326018,5.1156016695725635,5.1660637855529785,229700,0.0,0
2017-05-08,5.178788661956787,5.191512642381146,5.108804646026825,5.178788661956787,394000,0.07,0
2017-05-09,5.185150335163803,5.2296857833862305,5.1724263547729015,5.2296857833862305,240200,0.0,0
2017-05-10,5.229685250184958,5.261496108031446,5.2169606643497035,5.2424092292785645,298700,0.0,0
2017-05-11,5.229685870044153,5.267858418591101,5.2042373020989485,5.248772144317627,478200,0.0,0
2017-05-12,5.24877181241296,5.2614963989517864,5.191512386471604,5.255134105682373,340200,0.0,0
2017-05-15,5.274219658740491,5.286944243542225,5.210597948215019,5.280581951141357,302200,0.0,0
2017-05-16,5.280583693698459,5.337843130718292,5.267859104697696,5.325118541717529,453300,0.0,0
2017-05-17,5.306029641605191,5.306029641605191,5.1724245568618405,5.197873115539551,454100,0.0,0
2017-05-18,5.216961860656738,5.2360481370446665,5.159702424751167,5.216961860656738,414500,0.0,0
2017-05-19,5.223323246076989,5.280582672018345,5.223323246076989,5.255134105682373,288900,0.0,0
2017-05-22,5.261496717304283,5.318755539968464,5.261496717304283,5.29966926574707,213100,0.0,0
2017-05-23,5.299670729232604,5.363292469861795,5.274222154329305,5.337843894958496,381400,0.0,0
2017-05-24,5.331481538414835,5.363292408364677,5.32511924307649,5.350567817687988,177600,0.0,0
2017-05-25,5.3569301462408605,5.401465000401641,5.3569301462408605,5.3887410163879395,242300,0.0,0
2017-05-26,5.363292743531065,5.369654432525089,5.30603329539143,5.344205856323242,430200,0.0,0
2017-05-30,5.331479782312106,5.369652328284998,5.325117489069397,5.35692834854126,187600,0.0,0
2017-05-31,5.388740982976175,5.388740982976175,5.337843833753179,5.350567817687988,234600,0.0,0
2017-06-01,5.3569294458715,5.38237801731362,5.350567151325519,5.3632917404174805,213000,0.0,0
2017-06-02,5.3569301462408605,5.401465000401641,5.3569301462408605,5.3887410163879395,196600,0.0,0
2017-06-05,5.369652173215597,5.407825324827771,5.363290486898285,5.401463031768799,148300,0.0,0
2017-06-06,5.3823785173832,5.407827091189713,5.3823785173832,5.395102500915527,133700,0.0,0
2017-06-07,5.388741129896804,5.4523622647892,5.382378834384996,5.446000576019287,234000,0.0,0
2017-06-08,5.490901500449382,5.516559892948217,5.381853179393257,5.401096820831299,372400,0.07,0
2017-06-09,5.433171536083022,5.433171536083022,5.369025230407715,5.369025230407715,211000,0.0,0
2017-06-12,5.343366156413229,5.388268197674782,5.311293007621649,5.381854057312012,312700,0.0,0
2017-06-13,5.401096820831299,5.439584103707384,5.375438428332465,5.401096820831299,206100,0.0,0
2017-06-14,5.426754671739635,5.458827812098359,5.407511032222109,5.4139251708984375,284900,0.0,0
2017-06-15,5.420340661830307,5.426755413127271,5.375438626240271,5.388267517089844,227800,0.0,0
2017-06-16,5.401098458546737,5.446000506098764,5.388268952535005,5.426756858825684,199400,0.0,0
2017-06-19,5.465243275671917,5.490901668958175,5.445999021898962,5.478072166442871,209900,0.0,0
2017-06-20,5.490903165395309,5.497317306656659,5.420342105819818,5.426756858825684,188100,0.0,0
2017-06-21,5.439583560836562,5.465242562518958,5.407511032222109,5.4139251708984375,189300,0.0,0
2017-06-22,5.433170164424235,5.452413806570771,5.381853377537235,5.388267517089844,300100,0.0,0
2017-06-23,5.420342105819818,5.45241525910463,5.388268952535005,5.426756858825684,192900,0.0,0
2017-06-26,5.420342105819818,5.4588300121104965,5.420342105819818,5.426756858825684,182100,0.0,0
2017-06-27,5.45882891340624,5.47165780509137,5.4075121231769305,5.4203410148620605,240700,0.0,0
2017-06-28,5.4395835812334985,5.458827832567455,5.407511052498783,5.452413082122803,238300,0.0,0
2017-06-29,5.452414161691477,5.478072556806132,5.388267868032644,5.4203410148620605,225100,0.0,0
2017-06-30,5.43317046655741,5.4844872562980855,5.420340963250047,5.471657752990723,283800,0.0,0
2017-07-03,5.516557551530289,5.516557551530289,5.48448442158361,5.510142803192139,175800,0.0,0
2017-07-05,5.497315808471476,5.51014531098678,5.4331701311280085,5.478072166442871,378700,0.0,0
2017-07-06,5.445997995477656,5.503729522427013,5.433169107124597,5.458827495574951,303800,0.0,0
2017-07-07,5.5170403215641155,5.5170403215641155,5.439426695780105,5.484701156616211,303800,0.07,0
2017-07-10,5.497637069322679,5.529976234270584,5.471765860728009,5.484701156616211,197900,0.0,0
2017-07-11,5.484699721570846,5.497635630892696,5.4523611819024325,5.478232383728027,154400,0.0,0
2017-07-12,5.497634698413325,5.549377093288245,5.491166744849459,5.536441802978516,253500,0.0,0
2017-07-13,5.542910173621895,5.575249330655318,5.529974880899395,5.56878137588501,261700,0.0,0
2017-07-14,5.5946493960845185,5.620520583632902,5.575246159627673,5.614053249359131,164900,0.0,0
2017-07-17,5.620523105500288,5.626991059493926,5.594651906343779,5.607587814331055,231800,0.0,0
2017-07-18,5.626989974994372,5.626989974994372,5.594650828077007,5.6205220222473145,156400,0.0,0
2017-07-19,5.626990532593951,5.665797636103917,5.62052257920596,5.646393775939941,202300,0.0,0
2017-07-20,5.691669657963989,5.691669657963989,5.639927256994886,5.652862548828125,303200,0.0,0
2017-07-21,5.659329628847975,5.678732872009277,5.652861675521549,5.678732872009277,166800,0.0,0
2017-07-24,5.685202046925873,5.691670001642082,5.652862890162942,5.65933084487915,236600,0.0,0
2017-07-25,5.652863570497278,5.69813864214158,5.652863570497278,5.672267436981201,304700,0.0,0
2017-07-26,5.678732261754626,5.717539360724874,5.6593290206784586,5.685200214385986,309600,0.0,0
2017-07-27,5.71754114271933,5.7434123444901735,5.678734031654012,5.691669940948486,334300,0.0,0
2017-07-28,5.685202476290056,5.756348133087158,5.678734521085367,5.756348133087158,212300,0.0,0
2017-07-31,5.775751726414661,5.775751726414661,5.743412568733943,5.769283771514893,247500,0.0,0
2017-08-01,5.769284043496535,5.788687292292444,5.749880794700627,5.756348133087158,226800,0.0,0
2017-08-02,5.788685927596137,5.795153881275991,5.743411485473188,5.775750637054443,243800,0.0,0
2017-08-03,5.80808872641751,5.898638220537525,5.775750194134186,5.840427875518799,279300,0.0,0
2017-08-04,5.846897185782092,5.8727683877043,5.788686827252596,5.814558029174805,314200,0.0,0
2017-08-07,5.840428976523355,5.885704040527344,5.730476218942083,5.885704040527344,440200,0.0,0
2017-08-08,5.827040665562543,5.833558757631278,5.7814152642803425,5.8074870109558105,274300,0.07,0
2017-08-09,5.787934363357491,5.840077865780565,5.59891401167395,5.657575607299805,549200,0.0,0
2017-08-10,5.6901667936006834,5.703202984504596,5.501146376692524,5.5141825675964355,514900,0.0,0
2017-08-11,5.455518271259433,5.611948755648355,5.4229284316118695,5.598913192749023,449200,0.0,0
2017-08-14,5.638022485453763,5.677130431101636,5.592397066864334,5.631505012512207,250400,0.0,0
2017-08-15,5.683648190012041,5.683648190012041,5.5858786424656985,5.611950397491455,230700,0.0,0
2017-08-16,5.624986585804169,5.677130095855683,5.60543292493477,5.611950397491455,367600,0.0,0
2017-08-17,5.611950333184473,5.631504615429473,5.553289351248466,5.559806823730469,258100,0.0,0
2017-08-18,5.572842327289731,5.605432172094853,5.54025248248461,5.566324234008789,267200,0.0,0
2017-08-21,5.553288669046494,5.585877892252027,5.553288669046494,5.566324234008789,109700,0.0,0
2017-08-22,5.5923960559174635,5.624985901132752,5.5663243040651516,5.618467807769775,132400,0.0,0
2017-08-23,5.631502826308545,5.638020296719956,5.592394895842747,5.605431079864502,194400,0.0,0
2017-08-24,5.631505012512207,5.644540579995026,5.598915161405597,5.631505012512207,147500,0.0,0
2017-08-25,5.65105799373703,5.722755160254241,5.618468146556613,5.696683406829834,309900,0.0,0
2017-08-28,5.72275447845459,5.729272571434045,5.670610977818067,5.72275447845459,194200,0.0,0
2017-08-29,5.696682658940321,5.703200751840602,5.657575344737734,5.690164566040039,162800,0.0,0
2017-08-30,5.716239448019896,5.735793113708496,5.683649590805677,5.735793113708496,173700,0.0,0
2017-08-31,5.748825543741699,5.761861728147215,5.71623632592688,5.72927188873291,187000,0.0,0
2017-09-01,5.7227534697871,5.7944512367248535,5.683646162002371,5.7944512367248535,146900,0.0,0
2017-09-05,5.768381194946679,5.768381194946679,5.690165313073824,5.696683406829834,215400,0.0,0
2017-09-06,5.72927188873291,5.748825543741699,5.703200141521363,5.72927188873291,209100,0.0,0
2017-09-07,5.7553432325643845,5.774896886202698,5.73578957892607,5.761861324310303,148400,0.0,0
2017-09-08,5.7618648751599055,5.781418540848507,5.72275692218288,5.735793113708496,191500,0.0,0
2017-09-11,5.781782168312816,5.794922256223345,5.762071723155144,5.775211811065674,151100,0.07,0
2017-09-12,5.775210431452449,5.814631938934326,5.775210431452449,5.814631938934326,155500,0.0,0
2017-09-13,5.814631938934326,5.847482464155018,5.801491227579166,5.814631938934326,190700,0.0,0
2017-09-14,5.808063581884173,5.840914744992967,5.794922866007128,5.834344387054443,176700,0.0,0
2017-09-15,5.840912735061043,5.847482464155018,5.801491227579166,5.814631938934326,211500,0.0,0
2017-09-18,5.854052903868876,5.8869040561447585,5.834342463136792,5.840912818908691,200000,0.0,0
2017-09-19,5.880335425220973,5.906616229433767,5.860624978707326,5.900045871734619,157800,0.0,0
2017-09-20,5.913187880491958,5.926328598764451,5.8146349997839994,5.847485542297363,248700,0.0,0
2017-09-21,5.847485542297363,5.847485542297363,5.821204732336311,5.847485542297363,132300,0.0,0
2017-09-22,5.867195737033463,5.900046274604726,5.847484662590097,5.873765468597412,217200,0.0,0
2017-09-25,5.860624866456588,5.893476027739319,5.8540545088832845,5.886905670166016,173800,0.0,0
2017-09-26,5.906617053691387,5.906617053691387,5.86062579654695,5.893476963043213,154600,0.0,0
2017-09-27,5.900046695075358,5.913187412307416,5.880336245811154,5.893476963043213,130000,0.0,0
2017-09-28,5.913187412307416,5.93946822018765,5.886906604427184,5.893476963043213,149500,0.0,0
2017-09-29,5.932900406540411,5.965751587128471,5.919760310255679,5.9394707679748535,213000,0.0,0
2017-10-02,5.946035894863797,5.9788870465316055,5.913184743195988,5.932895183563232,295100,0.0,0
2017-10-03,5.965748694316296,5.978889410813202,5.932897529657879,5.946038246154785,246800,0.0,0
2017-10-04,5.985458296745615,5.992028654065691,5.946037405992681,5.959177494049072,116900,0.0,0
2017-10-05,6.005168518954407,6.0445894041291535,5.959176650805638,6.031449317932129,216000,0.0,0
2017-10-06,6.031449352382121,6.0445894386541985,5.992027840398537,6.018308639526367,165600,0.0,0
2017-10-09,6.031449352382121,6.0445894386541985,5.998598196826413,6.018308639526367,130700,0.0,0
2017-10-10,6.084516757488912,6.084516757488912,5.98520498009639,6.018309116363525,237800,0.07,0
2017-10-11,6.031550036649839,6.044791942940041,5.965342399425365,5.991825580596924,248100,0.0,0
2017-10-12,6.005066189398738,6.051412224864915,5.9587207853413355,6.024929046630859,188500,0.0,0
2017-10-13,6.06465482711792,6.091138011154766,6.031550689219634,6.06465482711792,194400,0.0,0
2017-10-16,6.1043799746092775,6.1043799746092775,6.038171698208239,6.044792652130127,146300,0.0,0
2017-10-17,6.0381720477796925,6.097759373708567,6.024930770578251,6.0712761878967285,189600,0.0,0
2017-10-18,6.091137852206188,6.091137852206188,5.998447026200456,6.005067348480225,257300,0.0,0
2017-10-19,6.018310012870165,6.051414154068598,5.991826826193214,6.038172245025635,134300,0.0,0
2017-10-20,6.058035505932522,6.064656461578347,6.024931990521558,6.031552314758301,190500,0.0,0
2017-10-23,6.038171485514656,6.0580337151717565,5.985205118823125,6.005067348480225,156300,0.0,0
2017-10-24,6.018309467851495,6.051413606052014,5.9984472374947515,6.044792652130127,126600,0.0,0
2017-10-25,6.044791873201909,6.044791873201909,5.932238196669094,5.998446464538574,257100,0.0,0
2017-10-26,6.024932381680303,6.024932381680303,5.932240890848147,5.938861846923828,204100,0.0,0
2017-10-27,5.958722521002533,5.985205706950631,5.932239335054436,5.965343475341797,167200,0.0,0
2017-10-30,5.985208988189697,5.991829946158734,5.958725787722857,5.985208988189697,110800,0.0,0
2017-10-31,5.9984472374947515,6.071275836408758,5.978584375729088,6.044792652130127,441700,0.0,0
2017-11-01,6.071275373172534,6.0778963265892445,6.051413144331271,6.058033466339111,164500,0.0,0
2017-11-02,6.044793199547117,6.071276386224068,6.038172245025635,6.038172245025635,178200,0.0,0
2017-11-03,6.058036578726017,6.190453189455333,6.038174339680297,6.163969993591309,563800,0.0,0
2017-11-06,6.170586899725546,6.1904497591739585,6.08451640300896,6.110999584197998,197400,0.0,0
2017-11-07,6.137484550476074,6.157346782249201,6.104380409914887,6.137484550476074,190500,0.0,0
2017-11-08,6.130864155829699,6.144105434417725,6.117622245832653,6.144105434417725,112600,0.0,0
2017-11-09,6.1307613376338805,6.164117077593428,6.0573792186891335,6.090734958648682,192000,0.07,0
2017-11-10,6.084064018111988,6.097406569312937,6.057379551917947,6.0707221031188965,186700,0.0,0
2017-11-13,6.09073711007543,6.0974083876653955,6.010683687619996,6.017354965209961,225100,0.0,0
2017-11-14,6.004009781605363,6.004009781605363,5.923956394195557,5.923956394195557,262400,0.0,0
2017-11-15,5.9172873867298925,5.963985054892509,5.823891414196645,5.883931636810303,326200,0.0,0
2017-11-16,5.917287412168561,6.004012107849121,5.890602939359774,6.004012107849121,221300,0.0,0
2017-11-17,6.010683943097603,6.010683943097603,5.930630517239584,5.937301158905029,251600,0.0,0
2017-11-20,5.937300471978454,5.990669416375852,5.937300471978454,5.983998775482178,129400,0.0,0
2017-11-21,6.01068206449182,6.064050998383664,5.983997597545898,6.057379722595215,125900,0.0,0
2017-11-22,6.097407341003418,6.097407341003418,6.050709042097797,6.097407341003418,101600,0.0,0
2017-11-24,6.124090984046006,6.130761623382568,6.097406518076196,6.130761623382568,57100,0.0,0
2017-11-27,6.117419759906503,6.137432950500069,6.064050827518422,6.0707221031188965,178300,0.0,0
2017-11-28,6.077394485473633,6.090737040501151,6.0573812891403955,6.077394485473633,130500,0.0,0
2017-11-29,6.09740831801491,6.09740831801491,6.0440393703209185,6.077394485473633,99400,0.0,0
2017-11-30,6.104077675767481,6.124091504100291,6.0773932075316415,6.084064483642578,167400,0.0,0
2017-12-01,6.1174215143481465,6.1174215143481465,6.037368092807159,6.077394485473633,128700,0.0,0
2017-12-04,6.124092807144692,6.130763448467056,6.064052581787109,6.064052581787109,126400,0.0,0
2017-12-05,6.110748656487059,6.110748656487059,6.050708446806765,6.057379722595215,163300,0.0,0
2017-12-06,6.077394554895501,6.077394554895501,6.004012410030031,6.017354965209961,235400,0.0,0
2017-12-07,6.0573783006342445,6.0573783006342445,6.017351927715434,6.044036388397217,183700,0.0,0
2017-12-08,6.084065832485466,6.084065832485466,6.010683687619996,6.017354965209961,216800,0.0,0
2017-12-11,6.037523183723291,6.084586720441504,6.010630008963111,6.071139812469482,149200,0.07,0
2017-12-12,6.084587665154585,6.098033934030456,6.044247576159048,6.050971031188965,145000,0.0,0
2017-12-13,6.098032442553374,6.098032442553374,6.044246097837211,6.057693004608154,205800,0.0,0
2017-12-14,6.091308336782285,6.091308336782285,6.030798551530698,6.0375213623046875,177500,0.0,0
2017-12-15,6.091308336782285,6.091308336782285,6.0106281956577226,6.0375213623046875,379700,0.0,0
2017-12-18,6.071139252801246,6.131649050729519,6.0644164406188406,6.104755878448486,229900,0.0,0
2017-12-19,6.118202785180904,6.118202785180904,6.084586159533663,6.104755878448486,142600,0.0,0
2017-12-20,6.131649479541685,6.138372933378093,6.1047563053799,6.111479759216309,165400,0.0,0
2017-12-21,6.12492448656216,6.171988010406494,6.118201675598987,6.171988010406494,209500,0.0,0
2017-12-22,6.18543473900354,6.219051361083984,6.165265022228768,6.219051361083984,192700,0.0,0
2017-12-26,6.131648460899478,6.21905142270111,6.104755291205417,6.165265083312988,165600,0.0,0
2017-12-27,6.171989406317319,6.198882579803467,6.158542498982329,6.198882579803467,164400,0.0,0
2017-12-28,6.219207318368069,6.219207318368069,6.14468481529825,6.158234596252441,192600,0.07,0
2017-12-29,6.14468432713267,6.198882154465445,6.14468432713267,6.151459217071533,139000,0.0,0
2018-01-02,6.192108811804915,6.198883056640625,6.158235003269726,6.198883056640625,229000,0.0,0
2018-01-03,6.198882077038523,6.259854793548584,6.16500891994543,6.259854793548584,290600,0.0,0
2018-01-04,6.26662897773191,6.3140519091932985,6.246304956546885,6.300502777099609,194100,0.0,0
2018-01-05,6.320828380368745,6.388575996061165,6.307279244883748,6.368251323699951,213900,0.0,0
2018-01-08,6.368251142698744,6.388575814482281,6.341152226409823,6.361476898193359,184000,0.0,0
2018-01-09,6.381798784391695,6.402122803272483,6.327600969983651,6.334375858306885,223000,0.0,0
2018-01-10,6.3479272974278835,6.388575996061165,6.334378161942888,6.368251323699951,160900,0.0,0
2018-01-11,6.395349979400635,6.429223785862526,6.375025953959148,6.395349979400635,199600,0.0,0
2018-01-12,6.429223785862526,6.435998676372727,6.38180084446935,6.395349979400635,255400,0.0,0
2018-01-16,6.4359999138551345,6.469873726830116,6.361478042181571,6.375027179718018,273700,0.0,0
2018-01-17,6.415675884505843,6.415675884505843,6.361478042181571,6.375027179718018,219300,0.0,0
2018-01-18,6.381800663575877,6.395349798123108,6.334377723526915,6.388575553894043,193200,0.0,0
2018-01-19,6.3682519941080535,6.469873428344727,6.3682519941080535,6.469873428344727,147300,0.0,0
2018-01-22,6.476646848521434,6.537618919905133,6.442773044804445,6.524069786071777,223700,0.0,0
2018-01-23,6.5511677067498395,6.6663382342757025,6.53084368603615,6.646014213562012,399400,0.0,0
2018-01-24,6.686663189418536,6.686663189418536,6.6053664491139745,6.632465362548828,306100,0.0,0
2018-01-25,6.652790125947854,6.652790125947854,6.578268267236826,6.605367183685303,184900,0.0,0
2018-01-26,6.639239506917123,6.659563528188837,6.605365707404941,6.6527886390686035,191400,0.0,0
2018-01-29,6.64601656470943,6.652790809951191,6.598592971481914,6.625691890716553,189500,0.0,0
2018-01-30,6.598593341556623,6.598593341556623,6.483422766827897,6.490197658538818,243900,0.0,0
2018-01-31,6.524069786071777,6.530844676032989,6.476646848521434,6.524069786071777,239000,0.0,0
2018-02-01,6.5443957684354945,6.578269582290043,6.449549864949871,6.463099002838135,172100,0.0,0
2018-02-02,6.435997328481422,6.449547106664095,6.293727888008273,6.300502777099609,254800,0.0,0
2018-02-05,6.300503731297872,6.300503731297872,5.894019369502235,5.934668064117432,526900,0.0,0
2018-02-06,5.907568994074047,6.158234107010396,5.8940192141963195,6.151459217071533,437000,0.0,0
2018-02-07,6.165008218347648,6.259854081157037,6.165008218347648,6.225980281829834,247900,0.0,0
2018-02-08,6.259855705718925,6.259855705718925,6.002415668545746,6.009190559387207,315800,0.0,0
2018-02-09,6.111619864585862,6.111619864585862,5.852132010121572,6.022847652435303,306300,0.07,0
2018-02-12,5.968219064722506,6.11844902150858,5.968219064722506,6.077476978302002,233000,0.0,0
2018-02-13,6.0569892918880255,6.1457614803065175,6.0569892918880255,6.13210391998291,153100,0.0,0
2018-02-14,6.111619087880145,6.227705761998685,6.091133395749935,6.1935625076293945,125400,0.0,0
2018-02-15,6.2140502523471675,6.343793866735458,6.2140502523471675,6.336965084075928,187700,0.0,0
2018-02-16,6.309649184124927,6.364278130645007,6.309649184124927,6.34379243850708,93300,0.0,0
2018-02-20,6.350622760377946,6.364279674707117,6.261850537938347,6.282336235046387,172400,0.0,0
2018-02-21,6.275507452267517,6.350622760377946,6.268679320717217,6.282336235046387,206000,0.0,0
2018-02-22,6.316476821899414,6.3369625103292195,6.275504793811509,6.316476821899414,148600,0.0,0
2018-02-23,6.34379309906393,6.377936357001301,6.28916414685553,6.364278793334961,168400,0.0,0
2018-02-26,6.371109485626222,6.418909670334944,6.343795001331426,6.371109485626221,142100,0.0,0
2018-02-27,6.412077786618996,6.432563475048802,6.3096480420133805,6.316476821899414,155700,0.0,0
2018-02-28,6.36427784292337,6.36427784292337,6.2277054827974485,6.23453426361084,201400,0.0,0
2018-03-01,6.248191076631985,6.248191076631985,6.097961808448966,6.152590751647949,224500,0.0,0
2018-03-02,6.132107437417164,6.227708460835102,6.077478467243683,6.173079490661621,271500,0.0,0
2018-03-05,6.152591027390353,6.2481913566589355,6.1116189925406745,6.2481913566589355,208700,0.0,0
2018-03-06,6.295991705446958,6.295991705446958,6.193561951535819,6.268677234649658,149700,0.0,0
2018-03-07,6.241362941706836,6.275505542755127,6.207219689430174,6.275505542755127,101900,0.0,0
2018-03-08,6.330135345458984,6.350621037007816,6.295992092058671,6.330135345458984,161700,0.0,0
2018-03-09,6.405823171972211,6.4127032563911435,6.337017078314569,6.385180950164795,145800,0.07,0
2018-03-12,6.405821246613055,6.412701328964082,6.33701517363604,6.34389591217041,223700,0.0,0
2018-03-13,6.3851797050350685,6.3851797050350685,6.30949354171753,6.309493541717529,161300,0.0,0
2018-03-14,6.337015842576945,6.337015842576945,6.288851980118821,6.309493541717529,148600,0.0,0
2018-03-15,6.350775994521437,6.371418210124547,6.309492875681903,6.34389591217041,129700,0.0,0
2018-03-16,6.350777169585819,6.364538649200802,6.309494043107797,6.3576579093933105,140800,0.0,0
2018-03-19,6.357657411632058,6.357657411632058,6.30261280984867,6.350776672363281,187400,0.0,0
2018-03-20,6.385179031009944,6.385179031009944,6.3301344351016695,6.34389591217041,208800,0.0,0
2018-03-21,6.364537471590177,6.378298948658917,6.3301344351016695,6.34389591217041,128200,0.0,0
2018-03-22,6.343896502421804,6.343896502421804,6.1856427823237,6.206284999847412,143000,0.0,0
2018-03-23,6.233805712012993,6.33701414860083,6.075552032237307,6.089313507080078,224800,0.0,0
2018-03-26,6.178761071701956,6.233806320260704,6.137477955512021,6.199403285980225,217900,0.0,0
2018-03-27,6.247568037518595,6.3026126377993705,6.144359576037989,6.178761959075928,137400,0.0,0
2018-03-28,6.178761470447151,6.19940368605756,6.1237168745194115,6.137478351593018,96600,0.0,0
2018-03-29,6.185643672943115,6.192524413108386,6.144360544318485,6.185643672943115,145500,0.0,0
2018-04-02,6.199403371538787,6.2613287028616265,6.054911150513262,6.096194267272949,154400,0.0,0
2018-04-03,6.123718579249298,6.1718831062316895,6.089316189354979,6.1718831062316895,133600,0.0,0
2018-04-04,6.096195058654764,6.185642698156873,6.089314975757214,6.178761959075928,140400,0.0,0
2018-04-05,6.268210149697681,6.268210149697681,6.16500167914268,6.240687847137451,134400,0.0,0
2018-04-06,6.268209100659025,6.378298948658917,6.254448279773627,6.34389591217041,251100,0.0,0
2018-04-09,6.392060277301479,6.392060277301479,6.158120398016486,6.178761959075928,234000,0.0,0
2018-04-10,6.281971191328454,6.309493491970872,6.206285028607655,6.254448890686035,152800,0.0,0
2018-04-11,6.261328789563039,6.371417977357702,6.261328789563039,6.364537239074707,168600,0.0,0
2018-04-12,6.364539491527329,6.364539491527329,6.274409770965576,6.274409770965576,155700,0.07,0
2018-04-13,6.30214022357868,6.309073429697853,6.274408060288912,6.288273811340332,73500,0.0,0
2018-04-16,6.322939180749273,6.33680559298762,6.281341266408085,6.288273811340332,114300,0.0,0
2018-04-17,6.322939329750971,6.413069027863376,6.309073578372801,6.3714704513549805,148300,0.0,0
2018-04-18,6.413068823532352,6.433867780530388,6.336805540414934,6.350671291351318,211900,0.0,0
2018-04-19,6.371472362621558,6.385338779346215,6.336807643184199,6.378405570983887,125100,0.0,0
2018-04-20,6.426936417365322,6.475467546346384,6.357605666374911,6.392271041870117,184000,0.0,0
2018-04-23,6.426933749768265,6.440799497498931,6.3922683886614475,6.41306734085083,174100,0.0,0
2018-04-24,6.420002246206488,6.4477344102018685,6.371470463324365,6.385336875915527,134200,0.0,0
2018-04-25,6.378405570983887,6.406137743246059,6.350673398721714,6.378405570983887,147800,0.0,0
2018-04-26,6.399203588019524,6.4130700026924226,6.3784046271972175,6.392271041870117,173700,0.0,0
2018-04-27,6.406135552793412,6.406135552793412,6.37840339001371,6.399202346801758,81000,0.0,0
2018-04-30,6.399202903348297,6.447734688323831,6.364538192749023,6.364538192749023,106200,0.0,0
2018-05-01,6.413070197140175,6.4200034046868435,6.357605859140954,6.406136989593506,115100,0.0,0
2018-05-02,6.4130700026924226,6.426936417365322,6.3784046271972175,6.392271041870117,128700,0.0,0
2018-05-03,6.3992047457454975,6.426937580108643,6.357606816575107,6.426937580108643,93500,0.0,0
2018-05-04,6.413068511653848,6.4477338790893555,6.3922695556673,6.4477338790893555,114900,0.0,0
2018-05-07,6.440800673364876,6.503198202511411,6.440800673364876,6.4477338790893555,141700,0.0,0
2018-05-08,6.454668998718263,6.475467960872009,6.440802583157707,6.454668998718262,158400,0.0,0
2018-05-09,6.440802574157715,6.468534744052988,6.420003612033031,6.440802574157715,83500,0.0,0
2018-05-10,6.489334784420948,6.565598760194996,6.475469027762973,6.52400016784668,91100,0.0,0
2018-05-11,6.55193685265843,6.55193685265843,6.461131678856358,6.53098201751709,115500,0.07,0
2018-05-14,6.537966852947111,6.537966852947111,6.433192005738006,6.447161674499512,201000,0.0,0
2018-05-15,6.419224279477565,6.426209449768066,6.391284264458063,6.426209449768066,104800,0.0,0
2018-05-16,6.419221937417444,6.4541471099849606,6.412237435817749,6.4401774406433105,111200,0.0,0
2018-05-17,6.4541475117347336,6.475103016265011,6.349372653652549,6.377312660217285,470000,0.0,0
2018-05-18,6.356358067575437,6.405252914418496,6.342387730681804,6.39826774597168,140600,0.0,0
2018-05-21,6.4331936168876,6.496058807414116,6.349373584899712,6.370328426361084,494300,0.0,0
2018-05-22,6.3703277383267425,6.419222585169801,6.356358067575437,6.39826774597168,146600,0.0,0
2018-05-23,6.363343030947771,6.370328199900711,6.314448180561945,6.356358528137207,389500,0.0,0
2018-05-24,6.349373584899712,6.370328426361084,6.314448405035825,6.370328426361084,146800,0.0,0
2018-05-25,6.377313368853651,6.377313368853651,6.328418518467824,6.356358528137207,166700,0.0,0
2018-05-29,6.328419870383389,6.328419870383389,6.265554668662036,6.2865095138549805,213100,0.0,0
2018-05-30,6.321433312482487,6.3563584909002095,6.321433312482487,6.342388153076172,124000,0.0,0
2018-05-31,6.356357725779748,6.356357725779748,6.272537041209835,6.307462215423584,169400,0.0,0
2018-06-01,6.328418743438339,6.370328426361084,6.314448405035825,6.370328426361084,156100,0.0,0
2018-06-04,6.39826867135861,6.39826867135861,6.342388647986761,6.349373817443848,184100,0.0,0
2018-06-05,6.293493302976783,6.370328162581876,6.272537796240726,6.342388153076172,106200,0.0,0
2018-06-06,6.356359979302244,6.4122400113984925,6.349374808754582,6.40525484085083,157700,0.0,0
2018-06-07,6.419222585169801,6.419222585169801,6.377312906773558,6.39826774597168,144600,0.0,0
2018-06-08,6.391282386662943,6.433192729949951,6.384297884567031,6.433192729949951,174600,0.0,0
2018-06-11,6.454307485149244,6.46134614944458,6.419114834916536,6.46134614944458,151600,0.07,0
2018-06-12,6.44727124684647,6.489502577265407,6.44727124684647,6.4754252433776855,133200,0.0,0
2018-06-13,6.503579239908902,6.5106179068527625,6.475425243377686,6.4754252433776855,119000,0.0,0
2018-06-14,6.51061639615693,6.51061639615693,6.475423740847809,6.482462406158447,109300,0.0,0
2018-06-15,6.482462406158447,6.4965390655356545,6.461347081470602,6.482462406158447,114500,0.0,0
2018-06-18,6.454307485149244,6.47542280679128,6.433192163507209,6.46134614944458,128500,0.0,0
2018-06-19,6.43319508594111,6.454310417175294,6.412079083462649,6.454310417175293,96500,0.0,0
2018-06-20,6.461346749032354,6.489500737582307,6.454308084083857,6.468384742736816,122900,0.0,0
2018-06-21,6.48950133366466,6.48950133366466,6.419116020202637,6.419116020202637,118200,0.0,0
2018-06-22,6.475423449124419,6.475423449124419,6.419115471664175,6.426154136657715,142400,0.0,0
2018-06-25,6.4050411228622925,6.412079119150007,6.292424456083213,6.313540458679199,195900,0.0,0
2018-06-26,6.313539808673603,6.362809133836522,6.313539808673603,6.3487324714660645,167600,0.0,0
2018-06-27,6.348730430337774,6.376884417271343,6.257229804992676,6.257229804992676,185000,0.0,0
2018-06-28,6.271307445755222,6.292422771453857,6.257230785704166,6.292422771453857,152500,0.0,0
2018-06-29,6.313539955213703,6.362809281520185,6.313539955213703,6.334655284881592,89900,0.0,0
2018-07-02,6.32057850084343,6.327617168426514,6.285386505416583,6.327617168426514,89300,0.0,0
2018-07-03,6.376884839790515,6.376884839790515,6.320576190948486,6.320576190948486,63000,0.0,0
2018-07-05,6.362806815472211,6.376884143957638,6.3276141655026095,6.341691493988037,132900,0.0,0
2018-07-06,6.306501836921548,6.383925166602611,6.299463169338464,6.327617168426514,201300,0.0,0
2018-07-09,6.362809584037418,6.390963582014582,6.327616918754898,6.369848251342773,109700,0.0,0
2018-07-10,6.390962029066646,6.426154685797658,6.376885369120699,6.419116020202637,159200,0.0,0
2018-07-11,6.397998826149218,6.419114145523534,6.3557675161566864,6.376883506774902,164900,0.0,0
2018-07-12,6.383976979965052,6.3910704500734985,6.341416835784912,6.341416835784912,131300,0.07,0
2018-07-13,6.362699117087597,6.376885385005478,6.341418700504664,6.348512172698975,130000,0.0,0
2018-07-16,6.369792782195785,6.369792782195785,6.320139823000179,6.36269998550415,129700,0.0,0
2018-07-17,6.3556056314425105,6.383978843688965,6.348512159263212,6.383978843688965,203000,0.0,0
2018-07-18,6.391072315868264,6.405258583756122,6.369791899330368,6.383978843688965,225700,0.0,0
2018-07-19,6.419444644279104,6.419444644279104,6.369791022331114,6.405257701873779,93100,0.0,0
2018-07-20,6.447818363665263,6.462004630724327,6.398165414252488,6.433631420135498,137500,0.0,0
2018-07-23,6.462005501912287,6.462005501912287,6.419446018526655,6.447819232940674,107400,0.0,0
2018-07-24,6.504565645570488,6.504565645570488,6.469098958523588,6.483285903930664,164300,0.0,0
2018-07-25,6.476192474365235,6.511659161648379,6.440725787082091,6.476192474365234,110100,0.0,0
2018-07-26,6.462004175855724,6.504564326978454,6.454911381060813,6.497470855712891,117500,0.0,0
2018-07-27,6.497472216146804,6.561312117962305,6.469099001614447,6.476192474365234,122900,0.0,0
2018-07-30,6.490376278487074,6.518749482243882,6.4052566672166495,6.419443607330322,216900,0.0,0
2018-07-31,6.447817248877723,6.454910719416188,6.405257102117514,6.42653751373291,183600,0.0,0
2018-08-01,6.42653751373291,6.469096984022535,6.419444043194445,6.42653751373291,99100,0.0,0
2018-08-02,6.419444710012423,6.4620041847229,6.419444710012423,6.4620041847229,112700,0.0,0
2018-08-03,6.462004026625743,6.476190968829245,6.4407242897911265,6.454911231994629,121700,0.0,0
2018-08-06,6.469097655998198,6.469097655998198,6.454911389918256,6.4620041847229,153800,0.0,0
2018-08-07,6.469097647121288,6.504564326978454,6.469097647121288,6.497470855712891,143900,0.0,0
2018-08-08,6.50456341301084,6.511656883279688,6.483283678674854,6.4903764724731445,110900,0.0,0
2018-08-09,6.490378770229566,6.518751984879228,6.476192501140134,6.504565715789795,205800,0.0,0
2018-08-10,6.4902682904449325,6.5331558261413765,6.447381436422742,6.468824863433838,157200,0.07,0
2018-08-13,6.468825358982969,6.4902687876367535,6.447381930329184,6.454529285430908,158900,0.0,0
2018-08-14,6.461677863086758,6.475973937835483,6.42593835788931,6.433086395263672,110300,0.0,0
2018-08-15,6.425936815508347,6.425936815508347,6.347310468285684,6.383049964904785,132700,0.0,0
2018-08-16,6.411641383904732,6.4473808802899395,6.361605816295765,6.390197277069092,155200,0.0,0
2018-08-17,6.375903232932152,6.425938129425049,6.368755195811927,6.425938129425049,95700,0.0,0
2018-08-20,6.447382470012397,6.454529825712396,6.4187903205149475,6.433086395263672,148900,0.0,0
2018-08-21,6.447383271557679,6.497418176049879,6.433087195031651,6.490270137786865,133000,0.0,0
2018-08-22,6.49741792678833,6.511713321091493,6.475974494496374,6.49741792678833,71300,0.0,0
2018-08-23,6.497416326673382,6.497416326673382,6.468824863433838,6.468824863433838,82400,0.0,0
2018-08-24,6.475973562987637,6.533156495323897,6.475973562987637,6.483120918273926,122000,0.0,0
2018-08-27,6.533155611825577,6.568894428446929,6.4902680775360295,6.561747074127197,121600,0.0,0
2018-08-28,6.568894445650928,6.590338553688979,6.540302983274425,6.547451019287109,131100,0.0,0
2018-08-29,6.547452677813863,6.568896109609489,6.533157283841581,6.554600715637207,168900,0.0,0
2018-08-30,6.561748753460551,6.568896109609489,6.533157283841581,6.554600715637207,85600,0.0,0
2018-08-31,6.526008834423137,6.561748339611363,6.526008834423137,6.533156871795654,87800,0.0,0
2018-09-04,6.518861609164473,6.540305042279066,6.490270137786865,6.490270137786865,148400,0.0,0
2018-09-05,6.497418176049879,6.511713570901459,6.447383271557679,6.490270137786865,153100,0.0,0
2018-09-06,6.475972175571275,6.583189980312773,6.475972175571275,6.568893909454346,344700,0.0,0
2018-09-07,6.547451575706205,6.547451575706205,6.49026864609365,6.511712074279785,144200,0.0,0
2018-09-10,6.547451002139271,6.568894428446929,6.526007575831613,6.561747074127197,151400,0.0,0
2018-09-11,6.547451994744903,6.63322639465332,6.547451994744903,6.63322639465332,109700,0.0,0
2018-09-12,6.647522490360297,6.726148853446008,6.618931023631462,6.719000816345215,160000,0.0,0
2018-09-13,6.7118530458211,6.719000400805525,6.676113544201798,6.697556972503662,170800,0.0,0
2018-09-14,6.697556936577735,6.697556936577735,6.6039350924516365,6.639943599700928,157800,0.07,0
2018-09-17,6.654347988318853,6.654347988318853,6.5463231306846055,6.553524971008301,153200,0.0,0
2018-09-18,6.5751270034450675,6.589529991149902,6.553522178485315,6.589529991149902,168100,0.0,0
2018-09-19,6.589530964754722,6.625539469544578,6.589530964754722,6.618337631225586,119700,0.0,0
2018-09-20,6.632742868622935,6.6687513818860005,6.596734355359869,6.603936195373535,161500,0.0,0
2018-09-21,6.611138035387202,6.625541028609269,6.589532515346203,6.603936195373535,126900,0.0,0
2018-09-24,6.611137853027314,6.625540845852092,6.5607256611274725,6.58233118057251,117400,0.0,0
2018-09-25,6.611139322551265,6.618340477161705,6.546324123419524,6.560727119445801,106600,0.0,0
2018-09-26,6.553524043609458,6.5823307140224685,6.510313694587341,6.531918525695801,182500,0.0,0
2018-09-27,6.510312225063272,6.53911888897397,6.510312225063272,6.524715900421143,105700,0.0,0
2018-09-28,6.53911888897397,6.53911888897397,6.5031103873843366,6.524715900421143,123600,0.0,0
2018-10-01,6.531919450037215,6.575129805174091,6.524718296518815,6.553524971008301,83100,0.0,0
2018-10-02,6.517515147099247,6.531918138048384,6.445498131938088,6.459901809692383,227000,0.0,0
2018-10-03,6.459901809692383,6.510313308222099,6.452699970815235,6.459901809692383,236000,0.0,0
2018-10-04,6.431095579391642,6.452700410690711,6.236650037284408,6.323070049285889,481500,0.0,0
2018-10-05,6.3014628475642676,6.3014628475642676,6.078210718770672,6.143025875091553,513100,0.0,0
2018-10-08,6.10701932972904,6.1214230076488105,5.984591501436816,6.013398170471191,297700,0.0,0
2018-10-09,5.977389670370432,6.02780116954587,5.962985992431641,5.962985992431641,305100,0.0,0
2018-10-10,5.9485838122916626,5.955785652242913,5.487676357490512,5.660516738891602,958500,0.0,0
2018-10-11,5.609651476229824,5.689581842567209,5.515188694000244,5.515188694000244,511800,0.07,0
2018-10-12,5.580585511686512,5.696847948057394,5.580585511686512,5.689581394195557,492200,0.0,0
2018-10-15,5.689581005849923,5.747712046823417,5.6677820387290305,5.71864652633667,322900,0.0,0
2018-10-16,5.7622455626127875,5.893040421952979,5.7622455626127875,5.849442481994629,359500,0.0,0
2018-10-17,5.849441680721032,5.885773754360624,5.798576846923269,5.863974094390869,149800,0.0,0
2018-10-18,5.8349096325687615,5.856709296493132,5.740446847648599,5.754979610443115,225300,0.0,0
2018-10-19,5.776778697967529,5.842176305106794,5.747713171791946,5.776778697967529,186200,0.0,0
2018-10-22,5.813111177449014,5.813111177449014,5.733180801742331,5.747713565826416,261100,0.0,0
2018-10-23,5.660515558849467,5.711380393605783,5.638716591445575,5.682314872741699,260400,0.0,0
2018-10-24,5.689581727836818,5.704114489924345,5.5515203147611185,5.558786869049072,98700,0.0,0
2018-10-25,5.573319832265994,5.63145088271393,5.573319832265994,5.609651565551758,151900,0.0,0
2018-10-26,5.529721687187952,5.566053421411675,5.464324080501492,5.49338960647583,190700,0.0,0
2018-10-29,5.558786876480002,5.595118608503199,5.40619270111279,5.442524433135986,173100,0.0,0
2018-10-30,5.4279914113904795,5.478856249575979,5.413458649978675,5.471590042114258,218400,0.0,0
2018-10-31,5.544254218761405,5.566053189088082,5.500655931619664,5.515188694000244,259500,0.0,0
2018-11-01,5.529720628772279,5.653249263763428,5.529720628772279,5.653249263763428,167400,0.0,0
2018-11-02,5.638717319349822,5.667782843965985,5.558786953411181,5.587852478027344,351700,0.0,0
2018-11-05,5.616917781184614,5.689581589860097,5.595118465337783,5.675048828125,184000,0.0,0
2018-11-06,5.6823157964705295,5.754979610443115,5.6823157964705295,5.754979610443115,152100,0.0,0
2018-11-07,5.813109961614608,5.842175483703613,5.776777885759175,5.842175483703613,231500,0.0,0
2018-11-08,5.834908929937185,5.85670859123647,5.813109961614608,5.842175483703613,204200,0.0,0
2018-11-09,5.849505466491014,5.849505466491014,5.761543062370915,5.812854290008545,165100,0.07,0
2018-11-12,5.761543670219338,5.790864474686078,5.607609272003174,5.607609272003174,256700,0.0,0
2018-11-13,5.61493865172971,5.7029014045315725,5.61493865172971,5.644259452819824,160300,0.0,0
2018-11-14,5.658920505054189,5.6809112831700235,5.585618493887339,5.607609272003174,202000,0.0,0
2018-11-15,5.5782878251328265,5.651589827858112,5.5782878251328265,5.644259452819824,164800,0.0,0
2018-11-16,5.629600224640807,5.636930601205649,5.578288986813286,5.592949390411377,179900,0.0,0
2018-11-19,5.570957436856402,5.592948212387491,5.497655434305302,5.504985809326172,179000,0.0,0
2018-11-20,5.497656575015156,5.497656575015156,5.395033750150385,5.4023637771606445,447400,0.0,0
2018-11-21,5.439014866781892,5.497656479976588,5.431684490366762,5.453675270080566,161400,0.0,0
2018-11-23,5.45367427421359,5.475664700380251,5.45367427421359,5.468334674835205,44800,0.0,0
2018-11-26,5.48299375742676,5.5269749487191815,5.409691771939391,5.424352169036865,523700,0.0,0
2018-11-27,5.380371206915478,5.4096920023593125,5.307068868774438,5.314399242401123,619400,0.0,0
2018-11-28,5.314401445109342,5.395033840766056,5.314401445109342,5.373043060302734,262200,0.0,0
2018-11-29,5.373042452333944,5.446344463031439,5.358382050194446,5.417023658752441,385500,0.0,0
2018-11-30,5.387703148553767,5.497656345367432,5.387703148553767,5.497656345367432,174600,0.0,0
2018-12-03,5.710232043147013,5.7395528473853075,5.585618450368482,5.622269630432129,495600,0.0,0
2018-12-04,5.600279075743269,5.62959988115044,5.49765625681817,5.526977062225342,301600,0.0,0
2018-12-06,5.490326103561459,5.490326103561459,5.3363920436911725,5.453675270080566,339300,0.0,0
2018-12-07,5.453674531501345,5.482995334127841,5.321730919682112,5.358381748199463,210900,0.0,0
2018-12-10,5.409694336423423,5.4243547404707115,5.292410754513513,5.343722343444824,207200,0.0,0
2018-12-11,5.387702155454023,5.424353330813297,5.307069779382528,5.3290605545043945,190300,0.0,0
2018-12-12,5.387702155454023,5.40236255569143,5.285079353792173,5.3290605545043945,504400,0.0,0
2018-12-13,5.351265609033655,5.351265609033655,5.269849297842527,5.314258098602295,249600,0.07,0
2018-12-14,5.314257924862743,5.314257924862743,5.188433169955226,5.203236103057861,300200,0.0,0
2018-12-17,5.188434545530489,5.19583583757918,4.907178389083075,4.951587200164795,986200,0.0,0
2018-12-18,4.988593409848423,5.018199631156617,4.892374514083503,4.907177448272705,417800,0.0,0
2018-12-19,4.892374214346634,5.003396390428646,4.892374214346634,4.914578437805176,589100,0.0,0
2018-12-20,4.929380568112826,4.936782210013157,4.662927812435714,4.729540824890137,667500,0.0,0
2018-12-21,4.729541480107908,4.759147345951326,4.566709217969113,4.574110507965088,456200,0.0,0
2018-12-24,4.551906756157456,4.611118493972546,4.5297021780119,4.603716850280762,295600,0.0,0
2018-12-26,4.625920314224607,4.788752553996241,4.611117383336277,4.77394962310791,401000,0.0,0
2018-12-27,4.69253491134688,4.796155454762703,4.677731976573191,4.781352519989014,563900,0.0,0
2018-12-28,4.8337297439575195,4.89359011678241,4.79631683254398,4.8337297439575195,568900,0.07,0
2018-12-31,4.93100412572191,5.020794704944525,4.886108836110602,4.901073932647705,512800,0.0,0
2019-01-02,4.871142901974963,5.050724029541016,4.818764894703539,5.050724029541016,323300,0.0,0
2019-01-03,4.983380734522043,5.095619113284317,4.968415641140138,5.058206558227539,520500,0.0,0
2019-01-04,5.065689183134998,5.155479747974983,5.0507240889950005,5.1479973793029785,466400,0.0,0
2019-01-07,5.177927710623691,5.2901660981722625,5.177927710623691,5.282683372497559,312100,0.0,0
2019-01-08,5.357509136199951,5.409887148379231,5.335061671548844,5.357509136199951,520300,0.0,0
2019-01-09,5.394920066923764,5.424850246637403,5.357507163883773,5.387437343597412,264500,0.0,0
2019-01-10,5.387437343597412,5.439815336494223,5.379954977066945,5.387437343597412,281900,0.0,0
2019-01-11,5.387438686244258,5.387438686244258,5.335061037089879,5.3500261306762695,234800,0.0,0
2019-01-14,5.3500264763859,5.36499157093931,5.275201003618853,5.282683372497559,182400,0.0,0
2019-01-15,5.275201414038622,5.42485237121582,5.267718687781749,5.42485237121582,256500,0.0,0
2019-01-16,5.454781740503952,5.514642114352648,5.4323342787086775,5.492194652557373,224600,0.0,0
2019-01-17,5.522125441398799,5.5296078105474855,5.46974743017395,5.514642715454102,164300,0.0,0
2019-01-18,5.514642371514662,5.589467842314836,5.507160002832639,5.5819854736328125,164200,0.0,0
2019-01-22,5.581985708154412,5.581985708154412,5.522125328999298,5.559537887573242,297000,0.0,0
2019-01-23,5.6119156619528825,5.619398387430894,5.537090191152708,5.5819854736328125,191100,0.0,0
2019-01-24,5.596950567792848,5.619398387430894,5.574502748154801,5.5819854736328125,199700,0.0,0
2019-01-25,5.604431944689453,5.641844851866778,5.567019394308053,5.596949577331543,166400,0.0,0
2019-01-28,5.581983720334327,5.686739346550878,5.567018630874821,5.649326801300049,205400,0.0,0
2019-01-29,5.671775411297649,5.731635781317262,5.596949948773132,5.641845226287842,203200,0.0,0
2019-01-30,5.6792591865313655,5.739119567624311,5.66429409125813,5.724154472351074,171900,0.0,0
2019-01-31,5.761565013708351,5.784012827152154,5.724152467029867,5.769047737121582,175900,0.0,0
2019-02-01,5.769049918659483,5.79898011003858,5.724154631590836,5.731637001037598,180800,0.0,0
2019-02-04,5.731636083283561,5.746601176576887,5.694223528448229,5.716670989990234,301400,0.0,0
2019-02-05,5.739119139326514,5.784014421795787,5.739119139326514,5.77653169631958,172900,0.0,0
2019-02-06,5.798977917182724,5.798977917182724,5.7540826470910105,5.769047737121582,160500,0.0,0
2019-02-07,5.776530332307447,5.776530332307447,5.686739788571143,5.746600151062012,234000,0.0,0
2019-02-08,5.716669969816578,5.746600151062012,5.686739788571143,5.746600151062012,149500,0.0,0
2019-02-11,5.776806715355925,5.776806715355925,5.701292975040262,5.7692551612854,339000,0.07,0
2019-02-12,5.7919087409973145,5.814562680227441,5.754151695509941,5.7919087409973145,269800,0.0,0
2019-02-13,5.807012919737648,5.807012919737648,5.776807419927352,5.799461364746094,142400,0.0,0
2019-02-14,5.799459934048066,5.799459934048066,5.7768059948179395,5.7919087409973145,115100,0.0,0
2019-02-15,5.822116372381752,5.844770319934861,5.807013620653677,5.829667568206787,131900,0.0,0
2019-02-19,5.829666008300027,5.8749746114385415,5.814563260613157,5.867423057556152,185800,0.0,0
2019-02-20,5.89007735912541,5.91273130061676,5.852320309869284,5.867423057556152,162900,0.0,0
2019-02-21,5.9051789090677875,5.9051789090677875,5.829664825872019,5.8447675704956055,179700,0.0,0
2019-02-22,5.874974597773539,5.92028284072876,5.852320296256974,5.92028284072876,95500,0.0,0
2019-02-25,5.9278333149115126,5.958038806548225,5.9278333149115126,5.9504876136779785,163500,0.0,0
2019-02-26,5.9504876136779785,5.965590359496334,5.905179376222911,5.9504876136779785,133600,0.0,0
2019-02-27,5.9655911846358105,5.9957966804504395,5.935385688821182,5.9957966804504395,196100,0.0,0
2019-02-28,6.003348237166896,6.018450985986918,5.950488796335785,5.98069429397583,144100,0.0,0
2019-03-01,5.9957966804504395,6.0184506222724545,5.980693932543125,5.9957966804504395,112500,0.0,0
2019-03-04,6.010899791615874,6.033553734806941,5.942937241886806,5.98069429397583,162200,0.0,0
2019-03-05,5.98069429397583,6.003348237166896,5.9655915451558075,5.98069429397583,140300,0.0,0
2019-03-06,5.9882445335388175,6.003347279950751,5.965590593959856,5.988244533538818,203300,0.0,0
2019-03-07,5.965592890835751,5.973144086910145,5.874976377474929,5.91273307800293,236300,0.0,0
2019-03-08,5.890076986915914,5.942936420440674,5.852319940045755,5.942936420440674,208400,0.0,0
2019-03-11,5.988651696269502,6.026747226340771,5.950555802888867,6.011508941650391,307500,0.07,0
2019-03-12,6.019129228799923,6.04198647783831,5.950556755065918,5.950556755065918,201700,0.0,0
2019-03-13,5.98103141784668,6.011507982364145,5.958174176113235,5.98103141784668,239800,0.0,0
2019-03-14,5.973413467407227,5.981032428168943,5.958175182574427,5.973413467407227,153000,0.0,0
2019-03-15,5.9810319550410425,6.02674680592318,5.965793671413664,6.01912784576416,201800,0.0,0
2019-03-18,6.026748174321607,6.102939973067509,6.026748174321607,6.072463035583496,187200,0.0,0
2019-03-19,6.0877014776814296,6.171512603759766,6.0877014776814296,6.171512603759766,254200,0.0,0
2019-03-20,6.1715130255591175,6.186750950766448,6.141036448525545,6.163893699645996,190100,0.0,0
2019-03-21,6.1562743876619015,6.20198961662515,6.087701907526486,6.102940559387207,164200,0.0,0
2019-03-22,6.102939553334609,6.141035450087495,6.0191287984639,6.034367084503174,186300,0.0,0
2019-03-25,6.0572243319073875,6.125796800738823,6.003890512424625,6.034367084503174,142000,0.0,0
2019-03-26,6.064844073694559,6.110559298265869,6.041986461408904,6.072463035583496,103900,0.0,0
2019-03-27,6.0800814062810264,6.095319690976092,6.064843121585961,6.087700366973877,120900,0.0,0
2019-03-28,6.1638932273779465,6.1638932273779465,6.0953207526516,6.133416652679443,99600,0.0,0
2019-03-29,6.179131583056972,6.179131583056972,6.080082890022568,6.095321178436279,211800,0.0,0
2019-04-01,6.110559830159446,6.201989560641722,6.09532117843628,6.095321178436279,256700,0.0,0
2019-04-02,6.110557392684245,6.14865255355835,6.09531874703971,6.14865255355835,121400,0.0,0
2019-04-03,6.148654456931615,6.209607605141138,6.148654456931615,6.179131031036377,174000,0.0,0
2019-04-04,6.171511536781561,6.209606703919498,6.163892212706479,6.186749458312988,135800,0.0,0
2019-04-05,6.179131624853326,6.20198960259269,6.148655047819754,6.163893699645996,165600,0.0,0
2019-04-08,6.179131023163306,6.247703496466358,6.163893099439762,6.240084171295166,220900,0.0,0
2019-04-09,6.21722750721363,6.308657238011605,6.21722750721363,6.25532341003418,224300,0.0,0
2019-04-10,6.24770323833779,6.339132956758092,6.24770323833779,6.331514358520508,169300,0.0,0
2019-04-11,6.339196798759644,6.339196798759644,6.277725858122258,6.32382869720459,202200,0.07,0
2019-04-12,6.323829035693369,6.331513086882192,6.285410245332162,6.308461666107178,119800,0.0,0
2019-04-15,6.308461666107178,6.323829035693369,6.270042142954517,6.308461666107178,139100,0.0,0
2019-04-16,6.32382869720459,6.369932269078337,6.308461328440951,6.32382869720459,198600,0.0,0
2019-04-17,6.3315132867551345,6.362248759689228,6.323829235323742,6.34688138961792,120500,0.0,0
2019-04-18,6.4006679844324825,6.4006679844324825,6.339197041441817,6.354565143585205,159400,0.0,0
2019-04-22,6.385300753997508,6.385300753997508,6.354565281833502,6.369932651519775,187900,0.0,0
2019-04-23,6.369932830869003,6.4083523553536,6.354565460750052,6.377616882324219,147100,0.0,0
2019-04-24,6.4083523553536,6.4083523553536,6.362248779413788,6.377616882324219,104300,0.0,0
2019-04-25,6.4083523553536,6.4083523553536,6.369932830869003,6.377616882324219,111200,0.0,0
2019-04-26,6.400669276082504,6.416037381327164,6.3776178510071055,6.408353328704834,74800,0.0,0
2019-04-29,6.431404918131913,6.431404918131913,6.3853020668029785,6.3853020668029785,149400,0.0,0
2019-04-30,6.369931608232732,6.446770642453543,6.369931608232732,6.416035175323486,153500,0.0,0
2019-05-01,6.446773473540918,6.446773473540918,6.416037992913438,6.4237213134765625,138100,0.0,0
2019-05-02,6.446773461360473,6.446773461360473,6.377618446881389,6.392985820770264,109900,0.0,0
2019-05-03,6.400667075362788,6.431402542492845,6.400667075362788,6.416035175323486,149700,0.0,0
2019-05-06,6.3853014456585875,6.439088344573975,6.308462390529574,6.439088344573975,174700,0.0,0
2019-05-07,6.423719705557415,6.423719705557415,6.323829235323742,6.34688138961792,202400,0.0,0
2019-05-08,6.3391970004407865,6.400667943033867,6.308461529144247,6.362248420715332,139400,0.0,0
2019-05-09,6.331512990370123,6.36993251293715,6.262357996307763,6.354565143585205,164500,0.0,0
2019-05-10,6.362315654754639,6.362315654754639,6.253822795819839,6.362315654754639,200300,0.07,0
2019-05-13,6.269320763527696,6.269320763527696,6.106581879143957,6.1220808029174805,351000,0.0,0
2019-05-14,6.122082108098017,6.269322100098658,6.122082108098017,6.2538228034973145,145500,0.0,0
2019-05-15,6.215075098967476,6.261571503636489,6.1995758047131195,6.230573654174805,127800,0.0,0
2019-05-16,6.230574497502064,6.32356805847408,6.230574497502064,6.284820556640625,187600,0.0,0
2019-05-17,6.2383225535269125,6.300318245018984,6.2383225535269125,6.277070045471191,62000,0.0,0
2019-05-20,6.261571892284574,6.308069038886636,6.199576189513208,6.23832368850708,138100,0.0,0
2019-05-21,6.230575364933913,6.292571080879744,6.230575364933913,6.269322872161865,71700,0.0,0
2019-05-22,6.238324357857152,6.2615725641290965,6.191827206266112,6.1995768547058105,112900,0.0,0
2019-05-23,6.176329055676364,6.215076933224409,6.0988344091511415,6.1298322677612305,163300,0.0,0
2019-05-24,6.207325261823235,6.207325261823235,6.1298302710177675,6.137579917907715,117500,0.0,0
2019-05-28,6.1375801976831434,6.176327325328624,6.129830550439936,6.145329475402832,120000,0.0,0
2019-05-29,6.145329195279343,6.145329195279343,5.998089230081733,6.060085296630859,174600,0.0,0
2019-05-30,6.067835629783018,6.1220820588809115,5.990340995017147,6.029088497161865,125100,0.0,0
2019-05-31,5.99808921804948,6.029087436023612,5.936093521148219,5.951592445373535,101100,0.0,0
2019-06-03,5.928344249725342,5.990339946688595,5.905095678602371,5.928344249725342,141500,0.0,0
2019-06-04,5.967092134728083,6.044587135314942,5.951593208515422,6.044587135314941,134800,0.0,0
2019-06-05,6.052334785461426,6.122080119417301,6.044585509201578,6.052334785461426,162000,0.0,0
2019-06-06,6.060085391269062,6.122081089262852,6.005838970762742,6.106582164764404,163600,0.0,0
2019-06-07,6.106584058565475,6.160830126371319,6.106584058565475,6.1298322677612305,116700,0.0,0
2019-06-10,6.191826157585942,6.230573654174805,6.168577955251435,6.230573654174805,140600,0.0,0
2019-06-11,6.238323680407962,6.323567586846152,6.238323680407962,6.261571884155273,148900,0.0,0
2019-06-12,6.269322384065005,6.300320239624589,6.261572735413316,6.2925705909729,133900,0.0,0
2019-06-13,6.331655275426424,6.331655275426424,6.2691204710916075,6.284753799438477,105000,0.07,0
2019-06-14,6.276935084941897,6.276935084941897,6.2222173321413266,6.253484725952148,109200,0.0,0
2019-06-17,6.245668876930792,6.269119985846429,6.198767777309939,6.2222185134887695,183500,0.0,0
2019-06-18,6.230033759467387,6.308202241048921,6.222217097677595,6.30038595199585,138200,0.0,0
2019-06-19,6.300387627578348,6.316020955315603,6.269120226630197,6.2925705909729,100900,0.0,0
2019-06-20,6.331655525271573,6.3472888542353285,6.284754047432908,6.339471817016602,105400,0.0,0
2019-06-21,6.3394715670708175,6.433273773576118,6.3160212018129105,6.386373043060303,239400,0.0,0
2019-06-24,6.394188905616357,6.425456302042232,6.362921509190483,6.402005195617676,97400,0.0,0
2019-06-25,6.394189830422801,6.394189830422801,6.276936517762004,6.2925705909729,147100,0.0,0
2019-06-26,6.323837991921051,6.331655028526499,6.2925705909729,6.2925705909729,95600,0.0,0
2019-06-27,6.331655270852377,6.331655270852377,6.292570831802934,6.323838233947754,78100,0.0,0
2019-06-28,6.347287875197411,6.362921947223387,6.316020476619043,6.3316545486450195,115900,0.0,0
2019-07-01,6.386372333894056,6.433273059201842,6.339470863112683,6.3785552978515625,175000,0.0,0
2019-07-02,6.370737527613675,6.386371597896914,6.3472871676623175,6.362921237945557,174600,0.0,0
2019-07-03,6.3707380306684245,6.448906897310092,6.347287668865349,6.409822463989258,130100,0.0,0
2019-07-05,6.409822951841801,6.441090351783522,6.355105188312193,6.4332733154296875,114100,0.0,0
2019-07-08,6.441090095244336,6.456724167329323,6.370738261809069,6.3785552978515625,205300,0.0,0
2019-07-09,6.425456535507016,6.433272825792334,6.378555066427303,6.409822463989258,117400,0.0,0
2019-07-10,6.495808380429128,6.503624670731339,6.409822477842741,6.472357273101807,185400,0.0,0
2019-07-11,6.6300265866479275,6.6300265866479275,6.464472976496562,6.480240345001221,183100,0.07,0
2019-07-12,6.480241231621565,6.480241231621565,6.432939871465372,6.456590175628662,182100,0.0,0
2019-07-15,6.480241231621565,6.503891535784854,6.425056186134404,6.456590175628662,85800,0.0,0
2019-07-16,6.448706899242513,6.480240887060074,6.425055844507162,6.432939529418945,67800,0.0,0
2019-07-17,6.432939188338999,6.448706557326567,6.401405202193398,6.425055503845215,123800,0.0,0
2019-07-18,6.4092892265131685,6.464473517236506,6.393521856689602,6.432939529418945,145700,0.0,0
2019-07-19,6.432939188338999,6.456589489990817,6.425055503845215,6.425055503845215,193500,0.0,0
2019-07-22,6.425055503845215,6.464473174484601,6.401405202193398,6.425055503845215,119900,0.0,0
2019-07-23,6.456590651824999,6.464474337737417,6.41717372592225,6.440824031829834,111800,0.0,0
2019-07-24,6.440823420701676,6.503891398357563,6.4250560503729055,6.464473724365234,140800,0.0,0
2019-07-25,6.448706074057478,6.464472690033954,6.3856381064926175,6.40928840637207,132500,0.0,0
2019-07-26,6.409290589423996,6.440824583947139,6.377756594900854,6.393523216247559,115900,0.0,0
2019-07-29,6.38563871698882,6.425055636613186,6.36198766301874,6.401405334472656,132000,0.0,0
2019-07-30,6.377755032332127,6.464473308067102,6.369871347675433,6.401405334472656,123200,0.0,0
2019-07-31,6.393521919501651,6.432939592618247,6.330453943246929,6.369871616363525,174100,0.0,0
2019-08-01,6.385638293354499,6.401404909792351,6.30680295567674,6.322570323944092,148800,0.0,0
2019-08-02,6.3068043172443655,6.330454622921727,6.227969338461778,6.298920631408691,210400,0.0,0
2019-08-05,6.220084727799265,6.267385708035921,6.08606509583802,6.157016754150391,220200,0.0,0
2019-08-06,6.157015722546275,6.25161766716909,6.157015722546275,6.243734359741211,132500,0.0,0
2019-08-07,6.204319339115282,6.235853334095892,6.133368038366349,6.212203025817871,202600,0.0,0
2019-08-08,6.227968629983349,6.2989199148590185,6.227968629983349,6.291036605834961,99500,0.0,0
2019-08-09,6.298990922975948,6.32285052447303,6.243317887413542,6.2592244148254395,68800,0.07,0
2019-08-12,6.23536405811494,6.259223656722201,6.171737956173601,6.1876444816589355,124100,0.0,0
2019-08-13,6.179692350059373,6.259224994484279,6.171739275237664,6.235365390777588,221000,0.0,0
2019-08-14,6.21150457349124,6.21150457349124,6.044485853012349,6.060392379760742,290000,0.0,0
2019-08-15,6.076298141655407,6.147877692633863,6.004718969918415,6.044485092163086,342000,0.0,0
2019-08-16,6.116065311230529,6.171738343544273,6.068345731779393,6.10811185836792,143600,0.0,0
2019-08-19,6.17173719123058,6.187643714744414,6.116064169311443,6.147877216339111,109800,0.0,0
2019-08-20,6.179691029295527,6.219457532629605,6.155831051446784,6.1876444816589355,164600,0.0,0
2019-08-21,6.235363769440531,6.267176818938374,6.21945724469161,6.251270294189453,119000,0.0,0
2019-08-22,6.251271340740255,6.291037469649235,6.243317887413542,6.2592244148254395,201200,0.0,0
2019-08-23,6.259223947046214,6.283083926001664,6.131971737261147,6.155831336975098,216300,0.0,0
2019-08-26,6.155831336975098,6.243317420823081,6.155831336975098,6.155831336975098,131500,0.0,0
2019-08-27,6.163785083107632,6.163785083107632,6.092205522075548,6.116065502166748,174100,0.0,0
2019-08-28,6.100158975186454,6.131972029147042,6.092205522075548,6.116065502166748,94800,0.0,0
2019-08-29,6.163783550262451,6.203550047444585,6.116063981188745,6.163783550262451,147000,0.0,0
2019-08-30,6.187645063198832,6.187645063198832,6.116065502166748,6.116065502166748,135300,0.0,0
2019-09-03,6.092205138598848,6.171738147735596,6.068345539251019,6.171738147735596,163300,0.0,0
2019-09-04,6.163784788477307,6.2115043671371835,6.139924809526619,6.179691314697266,161200,0.0,0
2019-09-05,6.2035519507607155,6.259224608806962,6.2035519507607155,6.2433180809021,170200,0.0,0
2019-09-06,6.243318077160504,6.283084586519596,6.243318077160504,6.267178058624268,129500,0.0,0
2019-09-09,6.2830822970231734,6.322848412650325,6.259222324253761,6.2989888191223145,135000,0.0,0
2019-09-10,6.283084485310493,6.3069440871483815,6.267177957671389,6.291037559509277,125000,0.0,0
2019-09-11,6.2751305546996665,6.338756660417856,6.259224028270119,6.314897060394287,151400,0.0,0
2019-09-12,6.30694351538532,6.362616546695848,6.26717738951337,6.283083915710449,169900,0.0,0
2019-09-13,6.307157394165322,6.34727903027973,6.299132837363284,6.339254856109619,143400,0.07,0
2019-09-16,6.315181391298894,6.347278852343387,6.2830839302544,6.323205947875977,146200,0.0,0
2019-09-17,6.315181076830022,6.323205633007516,6.267034887660755,6.299132347106934,157600,0.0,0
2019-09-18,6.28308327820414,6.323205291661906,6.28308327820414,6.307156562805176,107300,0.0,0
2019-09-19,6.315181568335432,6.34727903027973,6.315181568335432,6.339254856109619,168900,0.0,0
2019-09-20,6.379375651344524,6.387400207088828,6.307156562805176,6.307156562805176,166800,0.0,0
2019-09-23,6.2830839302544,6.33123012182114,6.186791547120918,6.323205947875977,230900,0.0,0
2019-09-24,6.339254663724249,6.34727883765084,6.2509864547402545,6.283083915710449,135700,0.0,0
2019-09-25,6.2750594438382485,6.36332726599929,6.226913254668982,6.299132347106934,196700,0.0,0
2019-09-26,6.2991318074505145,6.347277992495024,6.218888165709666,6.250985622406006,159500,0.0,0
2019-09-27,6.242963013085338,6.291109210187965,6.210865165718292,6.259011745452881,196600,0.0,0
2019-09-30,6.259010969633942,6.307157160768737,6.234937682750588,6.275059700012207,170100,0.0,0
2019-10-01,6.275058906244193,6.323205091288702,6.1867907090133265,6.250985622406006,207100,0.0,0
2019-10-02,6.234936992027491,6.250985720627834,6.122595891825085,6.178766250610352,325600,0.0,0
2019-10-03,6.170742434571883,6.234937352686604,6.122596245985843,6.210864067077637,252800,0.0,0
2019-10-04,6.234937682750588,6.283083873885382,6.218888952372323,6.275059700012207,181100,0.0,0
2019-10-07,6.275059741783859,6.307157202754055,6.234937724255157,6.283083915710449,212600,0.0,0
2019-10-08,6.267034350754176,6.315180535798684,6.210863610219649,6.250985622406006,272100,0.0,0
2019-10-09,6.291108663193174,6.34727903027973,6.267035375418986,6.339254856109619,270700,0.0,0
2019-10-10,6.331229389467705,6.3793755754652235,6.331229389467705,6.347278118133545,228900,0.0,0
2019-10-11,6.412047579257065,6.42014339810474,6.3310874605388285,6.363471508026123,305400,0.07,0
2019-10-14,6.387758731842041,6.4201427761923275,6.363470891603456,6.387758731842041,145300,0.0,0
2019-10-15,6.387759350617445,6.436335421848387,6.363471508026123,6.363471508026123,127000,0.0,0
2019-10-16,6.387758745821752,6.444431016582911,6.379662927740592,6.395854949951172,203400,0.0,0
2019-10-17,6.420142602464871,6.452526645938853,6.387758558990889,6.444430828094482,151300,0.0,0
2019-10-18,6.428238854557575,6.444430876415977,6.395854810840771,6.420142650604248,126400,0.0,0
2019-10-21,6.412045820382059,6.436333656311035,6.412045820382059,6.436333656311035,111600,0.0,0
2019-10-22,6.452526645938853,6.4768148715684655,6.428238806357491,6.444430828094482,193600,0.0,0
2019-10-23,6.444431241536954,6.468719082676502,6.4363350371249215,6.460623264312744,125800,0.0,0
2019-10-24,6.46871904681068,6.517295500916993,6.452527024124667,6.493007659912109,244000,0.0,0
2019-10-25,6.493007381292907,6.55777546925772,6.493007381292907,6.541583061218262,221200,0.0,0
2019-10-28,6.541582569683354,6.590159018055182,6.525390934957047,6.533486366271973,227300,0.0,0
2019-10-29,6.533487010787842,6.549679419207952,6.517295374464261,6.525391578674316,225900,0.0,0
2019-10-30,6.533486760991651,6.6063510519032524,6.509198921386616,6.5901594161987305,174200,0.0,0
2019-10-31,6.582063674926758,6.590159879396322,6.54967962914506,6.582063674926758,229400,0.0,0
2019-11-01,6.614447454009208,6.6711193388179915,6.582063409533258,6.638735294342041,186200,0.0,0
2019-11-04,6.663022668252964,6.784463405609131,6.663022668252964,6.784463405609131,317100,0.0,0
2019-11-05,6.800654577810028,6.800654577810028,6.735886497800136,6.7925591468811035,284600,0.0,0
2019-11-06,6.800654411315919,6.824943019797305,6.735886332891683,6.800654411315918,182800,0.0,0
2019-11-07,6.808751244241776,6.82494365139452,6.776367202032759,6.784463405609131,200400,0.0,0
2019-11-08,6.784463699624106,6.890597820281982,6.776299296927255,6.890597820281982,169500,0.07,0
2019-11-11,6.8742686846593,6.898761110198893,6.80895503082027,6.833447456359863,196100,0.0,0
2019-11-12,6.817120390171095,6.8824340531882795,6.792627182589441,6.8497772216796875,184900,0.0,0
2019-11-13,6.849779128004976,6.85794275420389,6.800793477809015,6.841614723205566,157800,0.0,0
2019-11-14,6.841612180177877,6.89059703356567,6.825283376648475,6.874269008636475,176800,0.0,0
2019-11-15,6.866104283279379,6.882433086039221,6.833447456359864,6.833447456359863,231700,0.0,0
2019-11-18,6.841612819152469,6.874269650661062,6.833448416625251,6.8497772216796875,152300,0.0,0
2019-11-19,6.849776581942578,6.882433410401175,6.833447778413176,6.874269008636475,147600,0.0,0
2019-11-20,6.866104283279379,6.898761110198893,6.80895503082027,6.833447456359863,237100,0.0,0
2019-11-21,6.8416121842118605,6.906925841167566,6.817119757503523,6.8824334144592285,194500,0.0,0
2019-11-22,6.866106033325195,6.9069272720292245,6.857941629864316,6.866106033325195,108900,0.0,0
2019-11-25,6.874269638641207,6.9395833015441895,6.874269638641207,6.9395833015441895,194100,0.0,0
2019-11-26,6.915091350495752,6.97224061483528,6.8987625443414125,6.947748184204102,209900,0.0,0
2019-11-27,6.906926147310226,7.004896637086229,6.906926147310226,6.996732234954834,164200,0.0,0
2019-11-29,6.996732238641892,7.02122544504898,6.964075408699348,7.004896640777588,120300,0.0,0
2019-12-02,7.004897757598999,7.004897757598999,6.931419683863286,6.964076519012451,144200,0.0,0
2019-12-03,6.923254180260951,7.013061046600342,6.833448092521802,7.013061046600342,419000,0.0,0
2019-12-04,7.013062308678355,7.045719144515025,6.9885698764509465,7.037554740905762,155600,0.0,0
2019-12-05,7.045718837256723,7.086540074922476,6.972240765178441,7.021226406097412,236000,0.0,0
2019-12-06,7.029388280276123,7.102866334056735,7.029388280276123,7.078373908996582,214100,0.0,0
2019-12-09,7.086537016732039,7.1028650375917834,7.021223376093035,7.0293869972229,210900,0.0,0
2019-12-10,7.037553467011563,7.0457178691429565,6.972239807160895,6.996732234954834,239000,0.0,0
2019-12-11,6.996733196337752,7.045718837256723,6.972240765178441,7.021226406097412,200700,0.0,0
2019-12-12,7.029456852762445,7.062381677963145,7.0047634301093575,7.037688255310059,138500,0.07,0
2019-12-13,7.037686966684728,7.087073802947998,7.0129935485530925,7.087073802947998,125500,0.0,0
2019-12-16,7.078845625816625,7.12823247909546,7.054151414187327,7.128232479095459,162300,0.0,0
2019-12-17,7.087075339316842,7.11176954779141,7.045919895172119,7.045919895172119,154200,0.0,0
2019-12-18,7.070611785856777,7.128230023160462,7.062380384816363,7.087073802947998,144200,0.0,0
2019-12-19,7.1035376921242035,7.169387340545654,7.0870748875239755,7.169387340545654,121100,0.0,0
2019-12-20,7.1940821401271595,7.202313544003592,7.111770456332474,7.128232479095459,228900,0.0,0
2019-12-23,7.136462278431714,7.235236747771116,7.119999474380295,7.177618503570557,201800,0.0,0
2019-12-24,7.2187747287094,7.243468149796825,7.1611556995191386,7.177618503570557,136900,0.0,0
2019-12-26,7.161156238839721,7.243468695316519,7.15292483619409,7.218775272369385,107700,0.0,0
2019-12-27,7.218774079803376,7.235236097385297,7.185848474660268,7.194079875946045,122500,0.0,0
2019-12-30,7.218974859690879,7.260463380128584,7.077914364999307,7.119402885437012,194800,0.07,0
2019-12-31,7.111103759834701,7.21897357727916,7.077913107646219,7.2106757164001465,158300,0.0,0
2020-01-02,7.22727297696846,7.260463636223802,7.152593795812006,7.202380180358887,181200,0.0,0
2020-01-03,7.185782215745343,7.185782215745343,7.111103057861328,7.111103057861328,155200,0.0,0
2020-01-06,7.094508129069042,7.119400917921216,7.094508129069042,7.111103057861328,240100,0.0,0
2020-01-07,7.094508723459752,7.144294305335228,7.094508723459752,7.127699375152588,107700,0.0,0
2020-01-08,7.144295286589074,7.185783804735367,7.127700354127155,7.177485942840576,118100,0.0,0
2020-01-09,7.177485092197322,7.202378674931421,7.144294439879426,7.169188022613525,98700,0.0,0
2020-01-10,7.1940821806494055,7.202380043137082,7.1111051384280834,7.135998725891113,151700,0.0,0
2020-01-13,7.135998216021947,7.177485942840575,7.1028075597704445,7.177485942840576,212500,0.0,0
2020-01-14,7.177485064211665,7.21897357727916,7.144294412023183,7.2106757164001465,80400,0.0,0
2020-01-15,7.202380180358888,7.2521657735780325,7.185784455067348,7.202380180358887,115100,0.0,0
2020-01-16,7.194080904120664,7.227271556854248,7.177485182090082,7.227271556854248,166600,0.0,0
2020-01-17,7.252164348572541,7.260462209587832,7.202378765135956,7.227271556854248,152300,0.0,0
2020-01-21,7.2272705239360375,7.235568383765402,7.160889227956054,7.194079875946045,232700,0.0,0
2020-01-22,7.1940812334767354,7.210676164939478,7.152592717828452,7.160890579223633,220200,0.0,0
2020-01-23,7.185782953108688,7.185782953108688,7.13599737029563,7.169188022613525,117200,0.0,0
2020-01-24,7.194080014786926,7.268759172037531,7.177484294807909,7.235568523406982,261400,0.0,0
2020-01-27,7.169187871381245,7.210675592407762,7.102806568145752,7.102806568145752,291400,0.0,0
2020-01-28,7.111103135819288,7.152591645246072,7.10280606699593,7.144293785095215,134300,0.0,0
2020-01-29,7.169187365547785,7.202378014823712,7.127698856121001,7.144293785095215,127700,0.0,0
2020-01-30,7.135996716271857,7.152591645246072,7.10280606699593,7.144293785095215,133400,0.0,0
2020-01-31,7.135997219763499,7.14429428917227,7.086210846673102,7.102806568145752,222500,0.0,0
2020-02-03,7.094510089705472,7.127700747790095,7.094510089705472,7.119402885437012,164300,0.0,0
2020-02-04,7.144294439879426,7.22727146633795,7.127699509384264,7.169188022613525,224800,0.0,0
2020-02-05,7.194083221077615,7.260464547923834,7.194083221077615,7.218976020812988,164700,0.0,0
2020-02-06,7.252164038859432,7.3185453414917,7.218973387543298,7.318545341491699,194800,0.0,0
2020-02-07,7.3019510773315455,7.384927317524361,7.277058284406463,7.368332386016846,252200,0.0,0
2020-02-10,7.368332072922326,7.459606170654297,7.368332072922326,7.459606170654297,320600,0.0,0
2020-02-11,7.52598744576524,7.52598744576524,7.401522695609557,7.409820556640625,233200,0.0,0
2020-02-12,7.434714259142264,7.451309191909658,7.409821464327331,7.426416397094727,173500,0.0,0
2020-02-13,7.426416112993187,7.484957425476032,7.392963820493623,7.468231678009033,200700,0.07,0
2020-02-14,7.4682290696813185,7.510043822527524,7.434776788865182,7.4933180809021,124400,0.0,0
2020-02-18,7.501683061954065,7.501683061954065,7.4431409589958895,7.451504230499268,138600,0.0,0
2020-02-19,7.4598684164351905,7.551862021552538,7.4598684164351905,7.518409729003906,157800,0.0,0
2020-02-20,7.518409202117287,7.56858803620651,7.451504621708663,7.535135746002197,298800,0.0,0
2020-02-21,7.510046262938999,7.5434993521911,7.459868224191937,7.476593971252441,135200,0.0,0
2020-02-24,7.326057760375921,7.326057760375921,7.14206978989194,7.208974361419678,411100,0.0,0
2020-02-25,7.225700353637387,7.225700353637387,6.832635427626785,6.882813453674316,334100,0.0,0
2020-02-26,6.857726201071705,7.07516649660354,6.84936292872843,6.98317289352417,440800,0.0,0
2020-02-27,6.891178817629082,6.891178817629082,6.514840317667664,6.5566558837890625,655100,0.0,0
2020-02-28,6.355942594153516,6.397758165995011,6.0465086386315665,6.372668743133545,747700,0.0,0
2020-03-02,6.506476683147418,6.707190818772019,6.397756542966706,6.657011985778809,387700,0.0,0
2020-03-03,6.682101468725847,6.874452744765635,6.623560157462479,6.7155537605285645,374200,0.0,0
2020-03-04,6.782458833524643,6.9748101234436035,6.7573698122536845,6.9748101234436035,234500,0.0,0
2020-03-05,6.857724896429924,6.88281391112116,6.723915754656134,6.774094581604004,185800,0.0,0
2020-03-06,6.565018014864499,6.673738155451433,6.531565725265866,6.648648738861084,199500,0.0,0
2020-03-09,6.197042982372228,6.280674112599302,5.9963292269059325,6.130138397216797,435500,0.0,0
2020-03-10,6.2723116607571034,6.565019458502534,6.046508456921161,6.280674934387207,265200,0.0,0
2020-03-11,6.1803160603142215,6.21376834869292,5.7872514724731445,5.7872514724731445,466700,0.0,0
2020-03-12,5.339480363154238,5.4324140642347345,4.418588867506032,4.6635966300964355,879500,0.07,0
2020-03-13,4.933949779251379,5.009986400604248,4.511522583160898,5.009986400604248,555700,0.0,0
2020-03-16,2.5430118734532567,4.84946432485733,2.5430118734532567,4.43548583984375,455300,0.0,0
2020-03-17,4.41858910488399,4.536868623523085,4.308757921861534,4.443934917449951,428500,0.0,0
2020-03-18,4.013058413475188,4.198926204841794,2.999233089785133,3.497697114944458,962400,0.0,0
2020-03-19,3.345624061873398,3.734257188454715,3.2104472608884547,3.6075289249420166,989900,0.0,0
2020-03-20,3.7764982361941977,4.148234146263931,3.7764982361941977,3.8778810501098633,852800,0.0,0
2020-03-23,3.7933954598422868,3.9708148878782596,3.2695859117636563,3.928572416305542,1622400,0.0,0
2020-03-24,3.979264048915059,4.351000013891139,3.9708153119833987,4.198925971984863,415800,0.0,0
2020-03-25,4.207374173969913,4.900154802822369,4.207374173969913,4.511521816253662,549400,0.0,0
2020-03-26,4.663595901691,4.9930889787357176,4.60445595335664,4.815669536590576,599600,0.0,0
2020-03-27,4.72273605624758,4.883258434857669,4.621353225696291,4.807221412658691,438600,0.0,0
2020-03-30,4.807220858717725,4.883257872154881,4.638249762508259,4.832566261291504,434900,0.0,0
2020-03-31,4.722736105166395,4.917052628353687,4.722736105166395,4.849463939666748,248500,0.0,0
2020-04-01,4.731184348204642,4.731184348204642,4.46927954424034,4.528419494628906,409600,0.0,0
2020-04-02,4.5199713706970215,4.621353811235816,4.351000636465696,4.5199713706970215,303000,0.0,0
2020-04-03,4.528419910597157,4.5368682455098766,4.317206300625285,4.3425517082214355,400900,0.0,0
2020-04-06,4.494626012356696,4.900156181914128,4.486177274121452,4.70583963394165,322200,0.0,0
2020-04-07,4.883257789232344,5.069125548762837,4.866360720184117,4.908603191375732,405100,0.0,0
2020-04-08,5.018434285715584,5.221199112035616,4.917051872555567,5.1958537101745605,397900,0.0,0
2020-04-09,5.356375985320968,5.5675895443275305,5.2127507007392415,5.24654483795166,635400,0.0,0
2020-04-13,5.357627997225537,5.434531879000063,5.144006465585841,5.25508975982666,314500,0.07,0
2020-04-14,5.331994055303693,5.391808240056751,5.272180278001435,5.35762882232666,259000,0.0,0
2020-04-15,5.28072425319074,5.28072425319074,5.186731070182133,5.27217960357666,162300,0.0,0
2020-04-16,5.272180959987859,5.306360382139251,5.22091182676077,5.297815322875977,231300,0.0,0
2020-04-17,5.383262974276938,5.5456149862196975,5.314903739176443,5.366173267364502,264100,0.0,0
2020-04-20,5.357628346368861,5.477256297796741,5.340538639022021,5.383263111114502,303600,0.0,0
2020-04-21,5.263636060427134,5.306360543138092,5.135463427195989,5.195277214050293,272100,0.0,0
2020-04-22,5.263634481625308,5.340538364457737,5.246544775157074,5.323448657989502,197800,0.0,0
2020-04-23,5.306359632826271,5.3661738168702495,5.263635157444743,5.289269924163818,119600,0.0,0
2020-04-24,5.323450482772138,5.383264679639558,5.2636362859047185,5.374719619750977,193600,0.0,0
2020-04-27,5.425987107032732,5.502890992844858,5.38326304293214,5.408897399902344,195100,0.0,0
2020-04-28,5.477256297796741,5.485801355195542,5.383263111114502,5.383263111114502,146000,0.0,0
2020-04-29,5.47725596939264,5.64815344006517,5.451621613634741,5.639608383178711,240300,0.0,0
2020-04-30,5.622519565762238,5.622519565762238,5.477256835332687,5.5712504386901855,179800,0.0,0
2020-05-01,5.485802249601102,5.528526321208556,5.400353698935365,5.43453311920166,189100,0.0,0
2020-05-04,5.425986904074037,5.4430766105651855,5.152551600215656,5.4430766105651855,211300,0.0,0
2020-05-05,5.511435984790857,5.571250167185385,5.511435984790857,5.5627055168151855,139800,0.0,0
2020-05-06,5.6054302792372415,5.61397533811872,5.502892017364502,5.502892017364502,182500,0.0,0
2020-05-07,5.596884933197549,5.605429583567748,5.5370707508030215,5.5627055168151855,138200,0.0,0
2020-05-08,5.639609262721903,5.7592372256341156,5.613974902966115,5.716513156890869,160200,0.0,0
2020-05-11,5.699423313140869,5.725057672290533,5.682333604557495,5.699423313140869,215900,0.0,0
2020-05-12,5.751236951382392,5.76850791714318,5.595798259535299,5.604433536529541,216200,0.07,0
2020-05-13,5.595797394292395,5.595797394292395,5.354003499256124,5.414452075958252,271000,0.0,0
2020-05-14,5.354003894128982,5.397181510925292,5.1985652148523505,5.397181510925293,293700,0.0,0
2020-05-15,5.328097260506813,5.423087763389517,5.328097260506813,5.414452075958252,140300,0.0,0
2020-05-18,5.58716042279927,5.621702752813441,5.535347545436234,5.59579610824585,217700,0.0,0
2020-05-19,5.595797450779432,5.673516991356391,5.578526487514801,5.6217041015625,316600,0.0,0
2020-05-20,5.673516913026293,5.76850700378418,5.6217040239477445,5.76850700378418,308200,0.0,0
2020-05-21,5.785777958073201,5.820319884073404,5.751236032072997,5.811684608459473,173200,0.0,0
2020-05-22,5.828955817144688,5.837591504894844,5.785778201938417,5.820320129394531,183100,0.0,0
2020-05-26,5.915310305944495,5.9930298442732015,5.794413566589355,5.7944135665893555,417400,0.0,0
2020-05-27,5.811684604905772,5.9239460702239075,5.785777954535341,5.915310382843018,232800,0.0,0
2020-05-28,5.915309508301541,6.027570957022525,5.915309508301541,5.975758075714111,168800,0.0,0
2020-05-29,5.958486885407912,6.036205998486149,5.941215925638064,6.027570724487305,196200,0.0,0
2020-06-01,6.001665099402748,6.122562250119852,5.958487898522837,6.088020324707031,175200,0.0,0
2020-06-02,6.148468486451369,6.200281374555079,6.0793846356464245,6.191646099090576,170400,0.0,0
2020-06-03,6.2089167475865805,6.338449167176918,6.2089167475865805,6.329813480377197,196400,0.0,0
2020-06-04,6.312542749164092,6.355720361195669,6.269365548904741,6.321178436279297,175200,0.0,0
2020-06-05,6.4248045249352295,6.519795028982464,6.4248045249352295,6.4938883781433105,187400,0.0,0
2020-06-08,6.519794624393017,6.718410895927131,6.519794624393017,6.657962322235107,224000,0.0,0
2020-06-09,6.597513675689697,6.683868485887426,6.588878400556032,6.597513675689697,273300,0.0,0
2020-06-10,6.623420158230392,6.657962081441663,6.545700625118929,6.606149196624756,283200,0.0,0
2020-06-11,6.414413969602311,6.414413969602311,6.013513070528738,6.039658546447754,492800,0.07,0
2020-06-12,6.257540360564474,6.414414901160668,6.057089881916487,6.18781852722168,303700,0.0,0
2020-06-15,6.04837397098313,6.274969896021051,6.013513059438834,6.213963508605957,227700,0.0,0
2020-06-16,6.396983884118251,6.440559818364162,6.29240072766335,6.335977077484131,234600,0.0,0
2020-06-17,6.41441468975033,6.449275605272758,6.362123316466686,6.405699253082275,180000,0.0,0
2020-06-18,6.396984079095602,6.414414536440213,6.301116355912797,6.344692707061768,177100,0.0,0
2020-06-19,6.423129099872042,6.48413590402074,6.362122711298198,6.396983623504639,292200,0.0,0
2020-06-22,6.396984080328717,6.4405600159112035,6.370838186519318,6.423129558563232,244200,0.0,0
2020-06-23,6.484136540872531,6.527712477623048,6.457990646362305,6.457990646362305,140600,0.0,0
2020-06-24,6.457990052647433,6.4928509650728685,6.248824578094816,6.274970054626465,157400,0.0,0
2020-06-25,6.266255250230778,6.344692513678236,6.231394336604101,6.335977077484131,85600,0.0,0
2020-06-26,6.327262474972413,6.327262474972413,6.170387937711177,6.179103374481201,210100,0.0,0
2020-06-29,6.196533530593711,6.29240083694458,6.179103073477655,6.29240083694458,108400,0.0,0
2020-06-30,6.292400899691348,6.370838165283203,6.292400899691348,6.370838165283203,86000,0.0,0
2020-07-01,6.396984231989115,6.440560168604704,6.370838337559847,6.405699253082275,100300,0.0,0
2020-07-02,6.457990018884513,6.518996823097506,6.431844542489555,6.4754204750061035,109900,0.0,0
2020-07-06,6.56257308866191,6.614864456369096,6.527711761282271,6.571288108825684,198600,0.0,0
2020-07-07,6.571288434377871,6.667156154377909,6.562573413782342,6.588718891143799,291000,0.0,0
2020-07-08,6.5974338937448,6.6671557162265405,6.5974338937448,6.614864349365234,251000,0.0,0
2020-07-09,6.667156831705462,6.675871853186365,6.5712891019660615,6.597434997558594,181000,0.0,0
2020-07-10,6.61502679433093,6.659009853143655,6.5622473754277815,6.588636875152588,155100,0.07,0
2020-07-13,6.632619821582905,6.711789158322958,6.5182642061702785,6.5270609855651855,220500,0.0,0
2020-07-14,6.544654380050872,6.579840660095215,6.456688679940016,6.579840660095215,209000,0.0,0
2020-07-15,6.6326208046089965,6.6326208046089965,6.5446550948900954,6.5974345207214355,175900,0.0,0
2020-07-16,6.588637273155613,6.6414171147005945,6.562247771836684,6.632620334625244,134800,0.0,0
2020-07-17,6.623824602413551,6.676604029512218,6.615027821503639,6.659010887145996,141900,0.0,0
2020-07-20,6.702993878178138,6.773366451263428,6.667807591635494,6.773366451263428,248800,0.0,0
2020-07-21,6.799754801449676,6.949296694357086,6.799754801449676,6.896517276763916,208500,0.0,0
2020-07-22,6.896518939903788,6.896518939903788,6.834942728135495,6.8437395095825195,139100,0.0,0
2020-07-23,6.843738968720897,6.905314756169222,6.790959123117202,6.808552265167236,180700,0.0,0
2020-07-24,6.8085514674665495,6.852534527165307,6.746975687232542,6.834941387176514,147000,0.0,0
2020-07-27,6.914111475021108,6.984484042591222,6.826145765558466,6.958094120025635,332100,0.0,0
2020-07-28,6.958093797529612,7.010873220760959,6.958093797529612,6.98448371887207,141300,0.0,0
2020-07-29,7.019670251696738,7.046060173981573,7.010873471117264,7.0372633934021,114200,0.0,0
2020-07-30,7.028467313828076,7.028467313828076,6.878925804144318,6.914112091064453,130800,0.0,0
2020-07-31,6.931704024415012,6.940500384882599,6.834941542550241,6.861331462860107,152300,0.0,0
2020-08-03,6.8877210896668135,7.0020767140114435,6.878924729038375,6.993279933929443,132600,0.0,0
2020-08-04,6.993279468752885,7.037262527330111,6.940500050132333,7.028465747833252,208400,0.0,0
2020-08-05,7.072449139298415,7.195601541329807,7.063652359387508,7.151618480682373,291100,0.0,0
2020-08-06,7.169211387634277,7.213194449423047,7.151618666263046,7.169211387634277,145000,0.0,0
2020-08-07,7.151618657149249,7.186804938753999,7.116432375544499,7.1340250968933105,175600,0.0,0
2020-08-10,7.151618357991871,7.362736038789166,7.151618357991871,7.3451433181762695,161600,0.0,0
2020-08-11,7.35393940556507,7.38912568639908,7.221991062164307,7.221991062164307,195800,0.0,0
2020-08-12,7.2923645193713265,7.389126593820947,7.2923645193713265,7.3715338706970215,178200,0.0,0
2020-08-13,7.415886584402159,7.424757465532702,7.344921227305395,7.3715338706970215,157200,0.07,0
2020-08-14,7.371533066939445,7.380403101129053,7.273955077090503,7.3094377517700195,177300,0.0,0
2020-08-17,7.327179700892856,7.353791496094764,7.256214349705289,7.291697025299072,112100,0.0,0
2020-08-18,7.327180461069406,7.362663140344429,7.256215102519362,7.282826900482178,183300,0.0,0
2020-08-19,7.30943834459535,7.344921022152657,7.28282654792081,7.336050987243652,118400,0.0,0
2020-08-20,7.353790718993865,7.4513678550720215,7.353790718993865,7.4513678550720215,185800,0.0,0
2020-08-21,7.451368225096877,7.477980864781798,7.202989509853293,7.247343063354492,363900,0.0,0
2020-08-24,7.336051342381613,7.3449213777200155,7.247344221207156,7.282826900482178,142900,0.0,0
2020-08-25,7.318309518793345,7.407016639228845,7.265085077337287,7.380403995513916,130100,0.0,0
2020-08-26,7.407017230987549,7.442499912801758,7.3804045851464934,7.407017230987549,84600,0.0,0
2020-08-27,7.451369953882039,7.451369953882039,7.389275472158079,7.433629035949707,101400,0.0,0
2020-08-28,7.442499176224029,7.495722770690918,7.442499176224029,7.495722770690918,186400,0.0,0
2020-08-31,7.49572277839229,7.58442989722662,7.460240100053315,7.522334575653076,186200,0.0,0
2020-09-01,7.522333198760431,7.557816716578263,7.38927339083807,7.4513678550720215,214200,0.0,0
2020-09-02,7.4602405609396945,7.486852359844532,7.407016963130021,7.469111442565918,196400,0.0,0
2020-09-03,7.451369708123818,7.451369708123818,7.21186182510657,7.300568103790283,272100,0.0,0
2020-09-04,7.309439171729021,7.318310053615614,7.007836378362641,7.256215572357178,270700,0.0,0
2020-09-08,7.123153875344695,7.238472785652111,7.052188522228398,7.10541296005249,183000,0.0,0
2020-09-09,7.1763785152488895,7.353791903035424,7.043318262915547,7.336050987243652,166600,0.0,0
2020-09-10,7.362662376486639,7.398145052080422,7.247343469313414,7.291697025299072,276300,0.0,0
2020-09-11,7.354325324650278,7.381165688245853,7.229068872471302,7.309590816497803,213600,0.07,0
2020-09-14,7.327483277604282,7.408005212507573,7.24696219594067,7.390111923217773,194200,0.0,0
2020-09-15,7.416953272071069,7.488528145246874,7.309590962307362,7.345378398895264,207200,0.0,0
2020-09-16,7.381165324195461,7.470634336087663,7.336430818249361,7.45274019241333,179100,0.0,0
2020-09-17,7.381166444601149,7.443794250488281,7.29169741912822,7.443794250488281,147200,0.0,0
2020-09-18,7.452741959961052,7.488529402557602,7.363272926849708,7.416954517364502,140300,0.0,0
2020-09-21,7.264857749477748,7.3274855613708505,7.211177011637931,7.32748556137085,209800,0.0,0
2020-09-22,7.372218763026243,7.3901129079400905,7.255909380805612,7.345378398895264,206400,0.0,0
2020-09-23,7.363271944043107,7.363271944043107,7.157494389888915,7.184334754943848,285700,0.0,0
2020-09-24,7.130653273352699,7.255909300015713,6.978556882857558,6.987503528594971,325900,0.0,0
2020-09-25,6.987504290048414,7.068026243559349,6.924876056582139,7.059079170227051,224900,0.0,0
2020-09-28,7.121707034666723,7.166441545770324,7.085919596431808,7.13960075378418,185300,0.0,0
2020-09-29,7.139600021856889,7.211175317608982,7.139600021856889,7.193281173706055,119500,0.0,0
2020-09-30,7.211175435892315,7.309590669253465,7.1843342195976545,7.273803234100342,91700,0.0,0
2020-10-01,7.282751296426424,7.3095916631307825,7.211176416388217,7.229069709777832,184500,0.0,0
2020-10-02,7.202229322127536,7.2201226154651135,7.157494808923789,7.21117639541626,149200,0.0,0
2020-10-05,7.23801638436695,7.354325771331788,7.202228946319294,7.354325771331787,328600,0.0,0
2020-10-06,7.381166061176329,7.551156176856688,7.372218988445831,7.506422519683838,698900,0.0,0
2020-10-07,7.560101790371154,7.739038944244386,7.542208501603658,7.739038944244385,426200,0.0,0
2020-10-08,7.783774821068697,7.828509330749512,7.7479873839720055,7.828509330749512,271700,0.0,0
2020-10-09,7.855348887808205,7.917977536219649,7.828508526054567,7.864295959472656,252500,0.0,0
2020-10-12,7.917979047874404,8.01639429525309,7.917979047874404,7.989553928375244,256500,0.0,0
2020-10-13,8.016605300474557,8.106780318691653,7.953481841743591,7.989552021026611,288600,0.07,0
2020-10-14,7.998570091883836,8.061692693088547,7.890359549826781,7.953482151031494,124700,0.0,0
2020-10-15,7.926429575457052,7.971517515427392,7.664920555606196,7.755096435546875,451900,0.0,0
2020-10-16,7.764113216343439,7.827236675325066,7.610814738786637,7.646884918212891,233400,0.0,0
2020-10-19,7.664921290464057,7.700991473902294,7.484570373272868,7.529658317565918,216600,0.0,0
2020-10-20,7.6017978389157586,7.755096316472561,7.574744559360385,7.646884918212891,162200,0.0,0
2020-10-21,7.682956621278238,7.737061465100768,7.637868678105471,7.655903339385986,144400,0.0,0
2020-10-22,7.682956511722865,7.700991172746213,7.601798387165359,7.673938751220703,105700,0.0,0
2020-10-23,7.71000874833322,7.71000874833322,7.664920806884766,7.664920806884766,95200,0.0,0
2020-10-26,7.61983297392239,7.664920916012775,7.4034118838656955,7.511622428894043,221600,0.0,0
2020-10-27,7.493588850385677,7.547693700724022,7.358325004577637,7.358325004577637,189800,0.0,0
2020-10-28,7.268148651876206,7.268148651876206,7.051727139740679,7.069762229919434,368900,0.0,0
2020-10-29,7.105832113468083,7.205024890312743,7.051726845191782,7.159937381744385,295800,0.0,0
2020-10-30,7.105832723822537,7.141902905771648,6.979586657010165,7.033692359924316,192200,0.0,0
2020-11-02,7.150920541230174,7.150920541230174,7.033692659891371,7.078780174255371,227900,0.0,0
2020-11-03,7.132884529564177,7.2681483451828255,7.132884529564177,7.241095066070557,148800,0.0,0
2020-11-04,7.322253541738775,7.538674625341472,7.277165600992978,7.421446323394775,138200,0.0,0
2020-11-05,7.448500341350414,7.746079575764418,7.448500341350414,7.700991630554199,237200,0.0,0
2020-11-06,7.71902765712349,7.845272879985885,7.664921947338834,7.7821502685546875,127600,0.0,0
2020-11-09,8.10678078261942,8.10678078261942,7.872324173872059,7.881341934204102,255100,0.0,0
2020-11-10,7.917413599338481,8.08874763783284,7.76411508488821,7.935449123382568,252600,0.0,0
2020-11-11,7.998569857392692,8.025622277118634,7.962499677764463,8.016605377197266,224900,0.0,0
2020-11-12,8.043872410871627,8.043872410871627,7.871178626907843,7.907535076141357,187300,0.07,0
2020-11-13,7.971160460355539,8.034784037378937,7.925714676707586,8.016605377197266,142900,0.0,0
2020-11-16,8.107495925581471,8.162030165660429,8.07113947659346,8.080228805541992,169200,0.0,0
2020-11-17,8.098407596820783,8.162031173706055,8.043873350006614,8.162031173706055,158900,0.0,0
2020-11-18,8.152942710441177,8.198388493990468,8.11658625696299,8.162031173706055,140400,0.0,0
2020-11-19,8.180208964138163,8.243832534259054,8.143852514525351,8.23474407196045,183800,0.0,0
2020-11-20,8.234744266273193,8.316545629727665,8.198387815802487,8.252922058105469,180700,0.0,0
2020-11-23,8.252923603057495,8.389260101143373,8.225656476801582,8.371082305908203,160300,0.0,0
2020-11-24,8.461972293001894,8.525595864583376,8.361991404166815,8.398347854614258,227000,0.0,0
2020-11-25,8.407436705826402,8.44379315420638,8.325634480269924,8.361990928649902,207100,0.0,0
2020-11-27,8.361990928649902,8.44379315420638,8.334723809066446,8.361990928649902,86300,0.0,0
2020-11-30,8.361990306571505,8.380168962812169,8.207475195750003,8.316544532775879,237500,0.0,0
2020-12-01,8.325634480269924,8.39834737702988,8.298367360686466,8.361990928649902,117600,0.0,0
2020-12-02,8.361989994215481,8.507415771484375,8.361989994215481,8.507415771484375,161900,0.0,0
2020-12-03,8.489239214455582,8.6255756837251,8.489239214455582,8.598308563232422,232400,0.0,0
2020-12-04,8.59830917716964,8.661932751797451,8.516506943044627,8.643754959106445,212300,0.0,0
2020-12-07,8.616486969860645,8.789180767859271,8.58921984742104,8.643754959106445,187100,0.0,0
2020-12-08,8.661934140769318,8.825538635253906,8.634667013957332,8.825538635253906,125800,0.0,0
2020-12-09,8.852805920174529,8.861895251542968,8.698290754136451,8.76191520690918,153500,0.0,0
2020-12-10,8.76191268061916,8.780090471308554,8.652843336064493,8.716466903686523,262900,0.0,0
2020-12-11,8.798871183205387,8.808027346460054,8.606596120756288,8.624908447265625,193900,0.07,0
2020-12-14,8.670688565478168,8.716468509496323,8.62490862146001,8.661532402038574,133000,0.0,0
2020-12-15,8.725623498224238,8.81718338309651,8.688999718911283,8.789715766906738,156800,0.0,0
2020-12-16,8.798869739922601,8.853805837259628,8.670686968102274,8.716466903686523,163000,0.0,0
2020-12-17,8.77140394267413,8.917899068310303,8.734780161265087,8.908742904663086,191600,0.0,0
2020-12-18,8.927055185331527,8.963678966549285,8.835495295697225,8.89043140411377,219100,0.0,0
2020-12-21,8.753090793221467,8.881273566736187,8.606594822779469,8.743934631347656,268400,0.0,0
2020-12-22,8.789715590712602,8.808027043412128,8.743935649194146,8.753091812133789,142900,0.0,0
2020-12-23,8.798869081401744,8.844649013559755,8.743933861355798,8.780557632446289,219200,0.0,0
2020-12-24,8.826337230791877,8.908740057744321,8.789713461086498,8.899584770202637,120200,0.0,0
2020-12-28,8.936208539908016,9.027767527581691,8.835492518333563,8.899584770202637,276900,0.0,0
2020-12-29,8.908741296201375,9.036924944579548,8.762246197014704,8.771402359008789,192600,0.0,0
2020-12-30,8.817518847259906,8.90975177619283,8.817518847259906,8.882081985473633,193800,0.07,0
2020-12-31,8.918977606850342,8.928201165977207,8.76218062012171,8.817521095275879,184000,0.0,0
2021-01-04,8.872859723876303,8.900529518634482,8.485479078834128,8.550043106079102,419700,0.0,0
2021-01-05,8.586934397673723,8.716060661953202,8.559263729950944,8.59615707397461,209200,0.0,0
2021-01-06,8.59615707397461,8.734507773768387,8.577710841766129,8.59615707397461,198400,0.0,0
2021-01-07,8.660723069035129,8.799072920904452,8.660723069035129,8.743732452392578,143500,0.0,0
2021-01-08,8.826743614290445,8.900530326749594,8.752956901831295,8.86363697052002,236000,0.0,0
2021-01-11,8.771404200689265,8.928201187801172,8.716063725399822,8.891307830810547,254000,0.0,0
2021-01-12,8.891305657906027,8.983538588038709,8.872858544115413,8.909751892089844,182800,0.0,0
2021-01-13,8.928199734502265,8.97431576352869,8.835965917235672,8.854413032531738,415000,0.0,0
2021-01-14,8.872861303372776,8.98354138171505,8.8544150634526,8.95587158203125,264600,0.0,0
2021-01-15,8.95587100717363,8.983540805081367,8.863637174671819,8.965094566345215,245500,0.0,0
2021-01-19,8.965094043386056,9.186454172949423,8.946646926118959,9.121891021728516,286900,0.0,0
2021-01-20,9.186452944073828,9.260239644057807,9.06654933669815,9.140336036682129,238000,0.0,0
2021-01-21,9.149560324865005,9.214123472605989,9.066550060851217,9.084997177124023,184800,0.0,0
2021-01-22,9.094219587887125,9.140336497604373,9.00198664805952,9.103443145751953,218700,0.0,0
2021-01-25,9.084997177124023,9.149560324865005,9.011210471246637,9.084997177124023,204000,0.0,0
2021-01-26,9.075773432727717,9.094219669015036,9.020432964651958,9.057326316833496,127900,0.0,0
2021-01-27,8.900529061558164,8.94664597019146,8.50392575836831,8.854413032531738,250000,0.0,0
2021-01-28,8.937421566912029,8.965092237238016,8.762178386214721,8.882081985473633,173600,0.0,0
2021-01-29,8.900529142107708,8.909752699839215,8.623829447017549,8.808296203613281,185500,0.0,0
2021-02-01,8.863636047604176,8.946646310379121,8.799072900826733,8.937422752380371,117000,0.0,0
2021-02-02,9.011210441589355,9.084997147223897,9.001986883483308,9.011210441589355,165200,0.0,0
2021-02-03,9.066549568183067,9.131112712415746,9.029656217249125,9.048103332519531,178900,0.0,0
2021-02-04,9.13111488520134,9.260242083999907,9.103445085318462,9.251018524169922,224100,0.0,0
2021-02-05,9.269464055555334,9.315580967196292,9.112667083740234,9.112667083740234,373600,0.0,0
2021-02-08,9.214123642882237,9.29713390843005,9.186453847568613,9.26024055480957,192600,0.0,0
2021-02-09,9.297133588823796,9.398590087890625,9.260240236471596,9.398590087890625,151900,0.0,0
2021-02-10,9.481600567314604,9.536941036911328,9.343250712733184,9.50004768371582,185100,0.0,0
2021-02-11,9.565052753079625,9.602198552901022,9.39789621107048,9.509333610534668,166400,0.07,0
2021-02-12,9.518620887127982,9.56505336126352,9.342178548163881,9.490761756896973,173000,0.0,0
2021-02-16,9.565053382306457,9.60219918457145,9.462901761858388,9.53719425201416,144300,0.0,0
2021-02-17,9.537194372074223,9.611485977539438,9.50004768371582,9.50004768371582,153800,0.0,0
2021-02-18,9.500047543223454,9.546480017358991,9.407183480578164,9.490761756896973,125400,0.0,0
2021-02-19,9.611485668175183,9.657917255877104,9.518620721519804,9.574339866638184,210300,0.0,0
2021-02-22,9.555766081717845,9.704349281003429,9.509333610534668,9.509333610534668,242800,0.0,0
2021-02-23,9.435041258150216,9.435041258150216,9.063583289571726,9.37932300567627,258700,0.0,0
2021-02-24,9.342177954151248,9.555766081717845,9.342177954151248,9.509333610534668,149900,0.0,0
2021-02-25,9.444328416536562,9.490760886413357,9.193593610577292,9.267885208129883,208500,0.0,0
2021-02-26,9.323604180507601,9.370036649544755,9.100729391880094,9.212166786193848,230800,0.0,0
2021-03-01,9.258599110774867,9.537193035025368,9.258599110774867,9.435041427612305,161600,0.0,0
2021-03-02,9.481473725628941,9.555765319344639,9.295744741339696,9.37932300567627,142100,0.0,0
2021-03-03,9.379322411765363,9.44432733074399,9.286457482688242,9.305030822753906,159400,0.0,0
2021-03-04,9.342178510971426,9.379324313006816,9.04501120906252,9.258600234985352,231100,0.0,0
2021-03-05,9.32360493438266,9.32360493438266,8.942860251618523,9.202880859375,253900,0.0,0
2021-03-08,9.221455385352645,9.27717365134749,9.063585488990803,9.072872161865234,287000,0.0,0
2021-03-09,9.202880331307213,9.397895997340873,9.147162075655142,9.360750198364258,230800,0.0,0
2021-03-10,9.416469128844225,9.50933318139405,9.351463317871094,9.351463317871094,148800,0.0,0
2021-03-11,9.398220866028007,9.557195814677764,9.332760015991315,9.360815048217773,215900,0.07,0
2021-03-12,9.360816147401918,9.46368193550271,9.257949467475978,9.398221969604492,147900,0.0,0
2021-03-15,9.388870999108516,9.426276824131847,9.267301844826381,9.342113494873047,132600,0.0,0
2021-03-16,9.398220866028007,9.426275006429423,9.31405755299872,9.360815048217773,106000,0.0,0
2021-03-17,9.426276637262065,9.57589993438921,9.323410843443453,9.538494110107422,229200,0.0,0
2021-03-18,9.491737955036456,9.529143784631488,9.304708807061292,9.388872146606445,168400,0.0,0
2021-03-19,9.398222165977089,9.444979667663576,9.27665301832229,9.444979667663574,158600,0.0,0
2021-03-22,9.473034140570597,9.585251613415954,9.360816667725238,9.538494110107422,162300,0.0,0
2021-03-23,9.454329093310662,9.473032448022423,9.342111640515213,9.351463317871094,179000,0.0,0
2021-03-24,9.360816219373952,9.370167897952784,9.136381284432906,9.183137893676758,323200,0.0,0
2021-03-25,9.145732174090957,9.201841354370117,9.04286638404186,9.201841354370117,144100,0.0,0
2021-03-26,9.201841590629495,9.267301559448242,9.155084087833881,9.267301559448242,91900,0.0,0
2021-03-29,9.239247850275445,9.454331124724535,9.173787878369241,9.370168685913086,211700,0.0,0
2021-03-30,9.342111640515213,9.360814995226974,9.257948327962367,9.351463317871094,116100,0.0,0
2021-03-31,9.370168447383245,9.57590003722993,9.370168447383245,9.557197570800781,300100,0.0,0
2021-04-01,9.566547591792645,9.650710913545096,9.5571968052397,9.61330509185791,160900,0.0,0
2021-04-05,9.669415513621193,9.772281313531433,9.660063834040647,9.688117980957031,178700,0.0,0
2021-04-06,9.716171939709193,9.949958552285038,9.706820261168122,9.89384937286377,257700,0.0,0
2021-04-07,9.968660802991579,10.080878267593768,9.931254981457517,10.071527481079102,273800,0.0,0
2021-04-08,10.155690047501944,10.193095869540022,10.07152761678513,10.118284225463867,229800,0.0,0
2021-04-09,10.183746287115577,10.21180043400522,10.146340460654304,10.174394607543945,125400,0.0,0
2021-04-12,10.193096160888672,10.230501983995916,10.146339550873492,10.193096160888672,163100,0.0,0
2021-04-13,10.211919452053612,10.24956704414273,10.174271859964495,10.193095207214355,238200,0.07,0
2021-04-14,10.249568708766546,10.258979935125247,10.098977418363278,10.117801666259766,155300,0.0,0
2021-04-15,10.127213147458596,10.136625270809475,10.014270360016504,10.108388900756836,228100,0.0,0
2021-04-16,10.146036496570867,10.193096215735777,10.051917955830534,10.108388900756836,119100,0.0,0
2021-04-19,10.098977203433515,10.11780145092938,9.901327990264093,10.014270782470703,173900,0.0,0
2021-04-20,10.051916352736534,10.07073969884683,9.60955649927774,9.6566162109375,353200,0.0,0
2021-04-21,9.647205701571304,9.713088770353396,9.590733858622729,9.60955810546875,187300,0.0,0
2021-04-22,9.694264673828409,9.826030801235593,9.618969487427325,9.769559860229492,154100,0.0,0
2021-04-23,9.807209997163744,9.901329453371934,9.750738143920897,9.750738143920898,127200,0.0,0
2021-04-26,9.788382828954264,9.910737726514865,9.769559481877687,9.835442543029785,150300,0.0,0
2021-04-27,9.901327444579305,9.929562916677456,9.844855602793531,9.891915321350098,132800,0.0,0
2021-04-28,9.929562916677456,9.967210512004813,9.85426772602274,9.891915321350098,95200,0.0,0
2021-04-29,9.9766231850685,10.051918379872905,9.920151340170433,10.014270782470703,232100,0.0,0
2021-04-30,10.014270414812112,10.070741360047409,9.967210695389703,10.023681640625,91200,0.0,0
2021-05-03,10.051917735099295,10.051917735099295,9.910738580704734,10.004858016967773,155100,0.0,0
2021-05-04,9.938974093513812,10.051916868741431,9.74132401246813,9.835442543029785,179900,0.0,0
2021-05-05,9.92014972496214,10.080152212267125,9.863677889258872,10.033092498779297,103600,0.0,0
2021-05-06,10.061330977234158,10.070743102264817,9.82603323700559,9.863680839538574,141500,0.0,0
2021-05-07,10.07074194410809,10.183684738718384,9.948387025549552,10.117801666259766,159700,0.0,0
2021-05-10,10.146036945218558,10.183684542697328,9.929563484113011,9.957798957824707,85000,0.0,0
2021-05-11,9.863680279357627,9.948387604643532,9.741326251266425,9.797797203063965,176200,0.0,0
2021-05-12,9.666028069116463,9.731911125089356,9.487201349205296,9.524848937988281,282400,0.0,0
2021-05-13,9.524851633586811,9.667013234032613,9.439554311782766,9.657535552978516,197600,0.07,0
2021-05-14,9.685967266746816,9.76178689709056,9.667011907240237,9.70492172241211,88100,0.0,0
2021-05-17,9.71440033627386,9.723878016938496,9.52485124218801,9.591193199157715,135600,0.0,0
2021-05-18,9.62910270690918,9.723877702811109,9.581715208958213,9.62910270690918,134300,0.0,0
2021-05-19,9.534327607190358,9.66701150282043,9.382687449005454,9.638579368591309,141800,0.0,0
2021-05-20,9.70492189557868,9.922904014587402,9.667012079730377,9.922904014587402,112700,0.0,0
2021-05-21,9.960814271864557,9.960814271864557,9.809175001751216,9.866039276123047,122600,0.0,0
2021-05-24,9.932381125909911,9.998723983764648,9.903948989024357,9.998723983764648,94800,0.0,0
2021-05-25,10.036634156664542,10.046111837242798,9.828129703149774,9.837607383728027,146000,0.0,0
2021-05-26,9.92290528119756,9.979769560307808,9.847085639822948,9.884995460510254,161300,0.0,0
2021-05-27,9.913426912362745,9.998724228952392,9.85656173335586,9.970292091369629,136600,0.0,0
2021-05-28,9.989245851307677,9.998723531120918,9.894470860857865,9.932380676269531,63900,0.0,0
2021-06-01,9.989246303522352,10.027156120650202,9.92290434950895,9.998723983764648,113600,0.0,0
2021-06-02,10.02715587615967,10.121930868589077,9.903948747537964,10.027155876159668,108900,0.0,0
2021-06-03,9.970292617287148,10.074544396483974,9.951337255337869,10.017679214477539,122600,0.0,0
2021-06-04,10.074544018204222,10.074544018204222,10.036634199570507,10.06506633758545,96100,0.0,0
2021-06-07,10.065066732156852,10.169318511526107,10.00820245389777,10.13140869140625,181500,0.0,0
2021-06-08,10.178795528605562,10.330434799194336,10.150363391330504,10.330434799194336,128100,0.0,0
2021-06-09,10.349389786054335,10.425209418609645,10.283047833528766,10.377821922302246,165200,0.0,0
2021-06-10,10.415732318527015,10.510507316418874,10.377822500138544,10.425209999084473,171900,0.0,0
2021-06-11,10.44428548577796,10.44428548577796,10.32982766980802,10.377518653869629,147700,0.07,0
2021-06-14,10.472900303399301,10.472900303399301,10.329828252770097,10.434747695922852,134400,0.0,0
2021-06-15,10.472898743802254,10.482437121658414,10.272598266601564,10.272598266601562,113700,0.0,0
2021-06-16,10.272598266601564,10.39659354021253,10.205830531238222,10.272598266601562,125900,0.0,0
2021-06-17,10.282137814486747,10.358443033509918,10.234446825189776,10.348905563354492,74400,0.0,0
2021-06-18,10.339366197050138,10.339366197050138,10.13906478881836,10.13906478881836,147200,0.0,0
2021-06-21,10.19629513615842,10.253524510407216,10.110452439230295,10.243986129760742,113100,0.0,0
2021-06-22,10.243983631018306,10.367979820286811,10.186755180358887,10.186755180358887,102000,0.0,0
2021-06-23,10.26306011693327,10.320288566083086,10.224907514290127,10.282135963439941,68900,0.0,0
2021-06-24,10.34890320409057,10.396593272885562,10.282135470444024,10.367979049682617,69400,0.0,0
2021-06-25,10.387056578854594,10.415670804189615,10.339365596876345,10.396594047546387,95100,0.0,0
2021-06-28,10.453824897335071,10.53966849520118,10.387058058830297,10.520591735839844,142600,0.0,0
2021-06-29,10.511051763859566,10.520589231640093,10.348902986404038,10.463360786437988,92500,0.0,0
2021-06-30,10.434748237405126,10.501515986176072,10.41567238749197,10.453824996948242,93900,0.0,0
2021-07-01,10.530128660272062,10.587358020817105,10.444285074269409,10.501514434814453,62900,0.0,0
2021-07-02,10.539668083190918,10.549206462498718,10.358442514862388,10.539668083190918,109700,0.0,0
2021-07-06,10.5587447849958,10.635050006361462,10.491977943708344,10.606435775756836,124400,0.0,0
2021-07-07,10.615973298393483,10.635049147379167,10.39659512246367,10.539668083190918,175700,0.0,0
2021-07-08,10.472898805369889,10.596894989339578,10.367979377224668,10.587357521057129,132600,0.0,0
2021-07-09,10.58735843796278,10.654125269871113,10.377518653869629,10.377518653869629,126000,0.0,0
2021-07-12,10.444717139404595,10.71351474778984,10.377517966188302,10.665514945983887,258800,0.07,0
2021-07-13,10.617516624446079,10.934314051487805,10.579116964062843,10.751914978027344,187200,0.0,0
2021-07-14,10.828715229141759,10.847915518743028,10.588717102247092,10.694316864013672,127700,0.0,0
2021-07-15,10.655917436098788,10.703916330123562,10.358319349336007,10.415919303894043,156900,0.0,0
2021-07-16,10.425519023646219,10.607918125390453,10.425519023646219,10.444719314575195,439800,0.0,0
2021-07-19,10.348719073029852,10.396718881965876,10.12792123365243,10.281519889831543,168800,0.0,0
2021-07-20,10.367920410492424,10.550318604256436,10.348720118769739,10.396719932556152,189500,0.0,0
2021-07-21,10.435118678399908,10.492718632957944,10.406319158881,10.415919303894043,76400,0.0,0
2021-07-22,10.425518932772231,10.473518744156022,10.319920080144094,10.329520225524902,68400,0.0,0
2021-07-23,10.44471804105374,10.607916831970217,10.415918523692053,10.607916831970215,96600,0.0,0
2021-07-26,10.559916114426843,10.675115089449092,10.540715827496433,10.665514945983887,141400,0.0,0
2021-07-27,10.655916637919795,10.684716155281482,10.511917220071059,10.607916831970215,73800,0.0,0
2021-07-28,10.588717983846326,10.703916984484621,10.531118941287314,10.636717796325684,121400,0.0,0
2021-07-29,10.675115202360214,10.82871383734783,10.646315687180056,10.78071403503418,103500,0.0,0
2021-07-30,10.742314262665385,10.790314064471339,10.569516257892047,10.665514945983887,87300,0.0,0
2021-08-02,10.694316864013672,10.77111619137835,10.675116574412403,10.694316864013672,109700,0.0,0
2021-08-03,10.723116380149738,10.75191589902407,10.675116571679055,10.713516235351562,86300,0.0,0
2021-08-04,10.713517130084549,10.713517130084549,10.60791827504618,10.636717796325684,63000,0.0,0
2021-08-05,10.646317384211947,10.713516568850615,10.521518244511402,10.550317764282227,177800,0.0,0
2021-08-06,10.55031822412873,10.607918181701162,10.415919848993504,10.540718078613281,119900,0.0,0
2021-08-09,10.588717069785348,10.655917167663574,10.406318896733463,10.655917167663574,130900,0.0,0
2021-08-10,10.655917065704257,10.655917065704257,10.531117931433322,10.559917449951172,114600,0.0,0
2021-08-11,10.58871742915007,10.63671723911493,10.511918099414384,10.550317764282227,74900,0.0,0
2021-08-12,10.550317855390821,10.617947802736618,10.444042092220434,10.492348670959473,89800,0.07,0
2021-08-13,10.473026265792106,10.598625398073546,10.386072949490421,10.482687950134277,83700,0.0,0
2021-08-16,10.482687950134277,10.5793020293892,10.289457948846566,10.482687950134277,119200,0.0,0
2021-08-17,10.43437994532557,10.502009889673102,10.17352000903271,10.221827507019043,196900,0.0,0
2021-08-18,10.212166849518926,10.270136037206502,10.096229395532756,10.183182716369629,182900,0.0,0
2021-08-19,10.134874567224136,10.279797066506834,9.980291305100398,10.009275436401367,190300,0.0,0
2021-08-20,10.018936871688826,10.231489312522097,9.951306926537335,10.163859367370605,88500,0.0,0
2021-08-23,10.144535140343901,10.19284263481378,10.009274340106009,10.096227645874023,116400,0.0,0
2021-08-24,10.163859297389727,10.241150925998944,10.10589011523837,10.202505111694336,60600,0.0,0
2021-08-25,10.24115073597961,10.347426492998167,10.144535741316286,10.299118995666504,91400,0.0,0
2021-08-26,10.250811797545438,10.250811797545438,10.06724440799363,10.125212669372559,200500,0.0,0
2021-08-27,10.134875120142588,10.250812573060479,10.105890987260358,10.241151809692383,147800,0.0,0
2021-08-30,10.386073321418976,10.453703271458167,10.202505919288763,10.279797554016113,171800,0.0,0
2021-08-31,10.308781760213911,10.328104208339074,10.202505992053087,10.241151809692383,86400,0.0,0
2021-09-01,10.26047316369363,10.357088158183833,10.173519852930221,10.318442344665527,178800,0.0,0
2021-09-02,10.318443444970978,10.33776589309614,10.192844307296019,10.241151809692383,149700,0.0,0
2021-09-03,10.221826611216692,10.241149977273352,10.183180800492178,10.192842483520508,111100,0.0,0
2021-09-07,10.19284353616651,10.221827666855974,10.125212669372559,10.125212669372559,180300,0.0,0
2021-09-08,10.125212511046378,10.299119135241618,10.125212511046378,10.221827507019043,190100,0.0,0
2021-09-09,10.192844401215721,10.318443540047985,10.163860268066424,10.183182716369629,129000,0.0,0
2021-09-10,10.2411510772394,10.270135208048668,10.115551948547363,10.115551948547363,113700,0.0,0
2021-09-13,10.183638632122431,10.232271283602348,10.07664661334848,10.086373329162598,123500,0.07,0
2021-09-14,10.14473140191323,10.18363733261434,9.979380964535869,10.008560180664062,107600,0.0,0
2021-09-15,9.998834228063103,10.047466877043234,9.930749076045295,10.018287658691406,144200,0.0,0
2021-09-16,9.989108034310384,10.05719318356072,9.989108034310384,10.037739753723145,82900,0.0,0
2021-09-17,10.05719326101982,10.05719326101982,9.891842816489275,9.940475463867188,156100,0.0,0
2021-09-20,9.823757538083834,9.833483325359593,9.415244789603321,9.522235870361328,445600,0.0,0
2021-09-21,9.570868301831926,9.697312809478593,9.531962370832225,9.580595016479492,188100,0.0,0
2021-09-22,9.658407236991046,9.707038956852918,9.531962724650862,9.609774589538574,245400,0.0,0
2021-09-23,9.638953186367232,9.745945189392076,9.638953186367232,9.687585830688477,197000,0.0,0
2021-09-24,9.69731432535887,9.69731432535887,9.561143081778402,9.600049018859863,358500,0.0,0
2021-09-27,9.590321594810888,9.61950174116117,9.52223644184151,9.5416898727417,148800,0.0,0
2021-09-28,9.541689900779295,9.541689900779295,9.33743351368033,9.493057250976562,334400,0.0,0
2021-09-29,9.493056344085486,9.677859282572499,9.366611837714139,9.395791053771973,172600,0.0,0
2021-09-30,9.463877024244896,9.463877024244896,9.288800785067378,9.308253288269043,191700,0.0,0
2021-10-01,9.317979976155081,9.405518559280711,9.249894823764318,9.35688591003418,175400,0.0,0
2021-10-04,9.33743233119918,9.34715811785555,9.113722541473201,9.22071361541748,294000,0.0,0
2021-10-05,9.230440286317828,9.356884788162109,9.220713572116608,9.317978858947754,213400,0.0,0
2021-10-06,9.298527663031438,9.39579203592152,9.240168297224868,9.347159385681152,196500,0.0,0
2021-10-07,9.454151288872135,9.57086909150134,9.454151288872135,9.5416898727417,160200,0.0,0
2021-10-08,9.61026484866518,9.678839321428837,9.453521728515627,9.453521728515625,101700,0.07,0
2021-10-11,9.433928013543655,9.571077872846116,9.424131394824126,9.443724632263184,129700,0.0,0
2021-10-12,9.4829115890633,9.4829115890633,9.394743875934525,9.453521728515625,72800,0.0,0
2021-10-13,9.473114470336675,9.541688939491447,9.424132306258807,9.502503395080566,43200,0.0,0
2021-10-14,9.610263787515013,9.73761609879773,9.53189176896539,9.669041633605957,131900,0.0,0
2021-10-15,9.757209778088868,9.815988561094013,9.69843099508372,9.737616539001465,115300,0.0,0
2021-10-18,9.747413099269998,9.894359588760734,9.718024175074673,9.87476634979248,230000,0.0,0
2021-10-19,9.904155215431174,10.011916160605342,9.894359530262019,9.99232292175293,156500,0.0,0
2021-10-20,10.031507951936888,10.080490112304688,10.01191564834397,10.080490112304688,145500,0.0,0
2021-10-21,10.09028722794213,10.09028722794213,10.021711826348662,10.051101684570312,97600,0.0,0
2021-10-22,9.982526302304942,10.070694008626504,9.982526302304942,10.011916160583496,111000,0.0,0
2021-10-25,10.011916121910595,10.080490589114905,10.011916121910595,10.070693969726562,81300,0.0,0
2021-10-26,10.080490589114905,10.13926937118792,10.041305045818579,10.070693969726562,67200,0.0,0
2021-10-27,10.080491541917132,10.129473709231569,10.031509374602695,10.090288162231445,157900,0.0,0
2021-10-28,10.149066015603061,10.149066015603061,10.070694921602817,10.090288162231445,130800,0.0,0
2021-10-29,10.100084736829539,10.168659210205078,10.080491496289595,10.168659210205078,97600,0.0,0
2021-11-01,10.19804811394384,10.207844734191895,10.139270260969761,10.207844734191895,114700,0.0,0
2021-11-02,10.207844257730242,10.24702980263631,10.188251018148666,10.198047637939453,119100,0.0,0
2021-11-03,10.207843761503225,10.247029304504395,10.17845483781661,10.247029304504395,121600,0.0,0
2021-11-04,10.247028809970498,10.29601096992228,10.18825003117696,10.27641773223877,208900,0.0,0
2021-11-05,10.335196971756497,10.374382514613345,10.28621480962118,10.325400352478027,101400,0.0,0
2021-11-08,10.35478925751263,10.393974800299302,10.35478925751263,10.38417911529541,85100,0.0,0
2021-11-09,10.403771363275936,10.49193906763322,10.286214735551901,10.482142448425293,229600,0.0,0
2021-11-10,10.275063471393421,10.501863843520695,10.275063471393421,10.34408950805664,83400,0.07,0
2021-11-11,10.344090078043855,10.373673472880405,10.294785360392211,10.304646492004395,130700,0.0,0
2021-11-12,10.314507867191683,10.373673717852702,10.314507867191683,10.353951454162598,73200,0.0,0
2021-11-15,10.344089646826099,10.373673040429393,10.304646062430935,10.334228515625,74100,0.0,0
2021-11-16,10.334229190472495,10.393395041133513,10.314507867191683,10.353951454162598,89000,0.0,0
2021-11-17,10.373673717852702,10.393395041133513,10.304646735346632,10.353951454162598,90100,0.0,0
2021-11-18,10.373673717852702,10.373673717852702,10.235620693249855,10.353951454162598,86400,0.0,0
2021-11-19,10.353951209656039,10.363812341268222,10.275064037577115,10.304646492004395,85600,0.0,0
2021-11-22,10.344090266499805,10.373673661875326,10.186315919467514,10.225759506225586,116200,0.0,0
2021-11-23,10.18631508390885,10.196176214891807,9.99895829727875,10.01867961883545,121600,0.0,0
2021-11-24,9.969375287126145,10.117289436322338,9.939792833450605,10.058123588562012,70500,0.0,0
2021-11-26,9.920071311140292,9.959514895382215,9.821461880330874,9.93979263305664,98400,0.0,0
2021-11-29,10.107428787441867,10.137011242529534,9.910210852841933,9.959515571594238,102500,0.0,0
2021-11-30,9.93979228777798,10.008818322701277,9.772156825470658,9.83132266998291,89600,0.0,0
2021-12-01,9.949653885520837,9.998958601526645,9.71299237718404,9.73271369934082,92600,0.0,0
2021-12-02,9.772157483788286,9.88062804929985,9.742575029743886,9.851044654846191,115100,0.0,0
2021-12-03,9.91021034675671,9.91021034675671,9.594660727101711,9.663687705993652,136000,0.0,0
2021-12-06,9.683408501843752,9.732713215397967,9.584800015144515,9.63410472869873,167600,0.0,0
2021-12-07,9.72285308979636,9.841183850314511,9.72285308979636,9.762296676635742,116000,0.0,0
2021-12-08,9.801739937832686,9.860905786330743,9.762296352303732,9.851044654846191,105600,0.0,0
2021-12-09,9.870766917815295,10.048262582490954,9.791879746757392,9.851044654846191,154900,0.0,0
2021-12-10,9.890487532551248,10.018679411448462,9.831322628696652,9.900348663330078,148700,0.0,0
2021-12-13,9.880488593875912,9.950000214208774,9.771257400512695,9.771257400512695,114500,0.07,0
2021-12-14,9.731537588085411,9.8904196798073,9.7216072205998,9.761327743530273,127200,0.0,0
2021-12-15,9.79111744537109,9.890419221602789,9.681886249125757,9.820908546447754,101000,0.0,0
2021-12-16,9.900349358028715,9.97979039835896,9.830837737480826,9.850698471069336,164200,0.0,0
2021-12-17,9.880489092742842,9.890419460007765,9.721607004551865,9.830838203430176,140800,0.0,0
2021-12-20,9.830837644740752,9.830837644740752,9.523003853118006,9.612375259399414,223300,0.0,0
2021-12-21,9.701747407894194,9.71167682834251,9.59251525985504,9.681886672973633,147600,0.0,0
2021-12-22,9.681886442934147,9.8109783758147,9.632235553824403,9.711676597595215,155800,0.0,0
2021-12-23,9.741467980017518,9.979791118198431,9.741467980017518,9.840768814086914,172300,0.0,0
2021-12-27,9.910278822879707,10.009580597250055,9.840768149027607,9.969860076904297,108200,0.0,0
2021-12-28,9.989721026466693,10.029441547670833,9.88048888289636,9.900349617004395,117800,0.0,0
2021-12-29,9.930140028317084,9.99965070547148,9.880489138773108,9.950000762939453,107200,0.0,0
2021-12-30,9.979999542236328,10.020000457763672,9.9399995803833,9.970000267028809,95400,0.07,0
2021-12-31,9.949999809265137,10.050000190734863,9.899999618530273,9.970000267028809,120000,0.0,0
2022-01-03,10.0600004196167,10.0600004196167,9.899999618530273,9.960000038146973,160600,0.0,0
2022-01-04,9.819999694824219,10.050000190734863,9.819999694824219,9.989999771118164,146200,0.0,0
2022-01-05,10.0,10.0,9.789999961853027,9.819999694824219,172400,0.0,0
2022-01-06,9.829999923706055,9.859999656677246,9.75,9.789999961853027,225400,0.0,0
2022-01-07,9.829999923706055,9.869999885559082,9.729999542236328,9.84000015258789,175900,0.0,0
2022-01-10,9.779999732971191,9.880000114440918,9.649999618530273,9.8100004196167,157800,0.0,0
2022-01-11,9.8100004196167,9.960000038146973,9.800000190734863,9.90999984741211,110400,0.0,0
2022-01-12,9.9399995803833,10.029999732971191,9.899999618530273,9.90999984741211,132900,0.0,0
2022-01-13,9.960000038146973,10.0,9.869999885559082,9.869999885559082,86200,0.0,0
2022-01-14,9.869999885559082,10.050000190734863,9.829999923706055,10.010000228881836,312200,0.0,0
2022-01-18,9.949999809265137,9.989999771118164,9.699999809265137,9.710000038146973,220500,0.0,0
2022-01-19,9.850000381469727,9.899999618530273,9.619999885559082,9.630000114440918,246400,0.0,0
2022-01-20,9.65999984741211,9.819999694824219,9.5600004196167,9.569999694824219,171200,0.0,0
2022-01-21,9.5,9.569999694824219,9.170000076293945,9.220000267028809,589100,0.0,0
2022-01-24,9.079999923706055,9.149999618530273,8.670000076293945,9.119999885559082,436400,0.0,0
2022-01-25,8.970000267028809,9.09000015258789,8.84000015258789,9.039999961853027,253100,0.0,0
2022-01-26,9.15999984741211,9.3100004196167,9.010000228881836,9.100000381469727,162600,0.0,0
2022-01-27,9.180000305175781,9.3100004196167,9.0,9.020000457763672,105200,0.0,0
2022-01-28,9.020000457763672,9.210000038146973,8.970000267028809,9.210000038146973,185400,0.0,0
2022-01-31,9.210000038146973,9.390000343322754,9.210000038146973,9.359999656677246,245900,0.0,0
2022-02-01,9.350000381469727,9.460000038146973,9.319999694824219,9.420000076293945,139500,0.0,0
2022-02-02,9.470000267028809,9.59000015258789,9.390000343322754,9.420000076293945,151900,0.0,0
2022-02-03,9.319999694824219,9.539999961853027,9.25,9.270000457763672,121100,0.0,0
2022-02-04,9.270000457763672,9.4399995803833,9.270000457763672,9.369999885559082,149200,0.0,0
2022-02-07,9.420000076293945,9.649999618530273,9.319999694824219,9.380000114440918,108500,0.0,0
2022-02-08,9.369999885559082,9.375699996948242,9.289999961853027,9.385000228881836,38390,0.0,0
